"","elgcoal","elgngas","elghydr","elgnuc","elgsun","elgwind","elgbio","inctxff","sbsrnen","banhhap","clmchng","wrclmch","ccnthum","gvsrdcc","lkredcc","lklmten","ownrdcc","psppipla","stfdem","trstplt","trstep","prtvtbit","lrscale","gndr","yrbrn","region","edlvdit","hinctnta"
"1",4,1,1,5,1,1,1,4,2,3,"Changing","Worried","Equally","Very unlikely","Likely","Not at all","Unlikely","A lot","Not at all","Not at all","Little","m5s","Center",1,"30-18","South/Isles","Superior","High"
"2",4,3,2,5,2,2,55,3,2,2,"Changing","Moderately worried","Anthropic","Likely","Unlikely","Possible","Possible","A lot","Neutral","A bit","Very","csx","Center-left",1,"30-18","Center","Superior","Low"
"3",5,5,2,5,2,4,1,1,3,2,"Changing","Moderately worried","Anthropic","Very likely","Likely","Likely","Unlikely","A great deal","Little","Little","Very little","csx","Far left",1,"63-31","South/Isles","Elementary","High"
"4",3,3,1,5,1,1,2,4,3,4,"Changing","Not worried","Equally","Possible","Likely","Possible","Likely","A great deal","Neutral","Little","A bit","csx","Right",2,"63>","South/Isles","Elementary","Low"
"5",5,3,1,5,1,1,3,3,2,2,"Changing","Worried","Anthropic","Very unlikely","Very likely","Very likely","Possible","A lot","Neutral","Very little","A bit","m5s","Far left",1,"63-31","South/Isles","High school","Medium"
"6",1,3,2,2,2,2,3,3,4,3,"Changing","Moderately worried","Equally","Likely","Likely","Likely","Likely","Some","Not at all","Not at all","Not at all","csx","Left",1,"30-18","Center","Elementary","Low"
"7",5,3,3,5,1,2,3,1,1,1,"Changing","Worried","Anthropic","Likely","Likely","Likely","Likely","A lot","A bit","Neutral","Neutral","csx","Center-left",2,"63-31","South/Isles","University","Medium"
"8",5,1,1,5,1,1,1,4,4,2,"Changing","Moderately worried","Anthropic","Unlikely","Very likely","Possible","Possible","A great deal","Very little","Not at all","Neutral","dx","Center-right",2,"63-31","North","University","High"
"9",4,2,1,5,1,2,2,4,2,2,"Changing","Moderately worried","Anthropic","Possible","Likely","Likely","Very likely","A lot","A bit","Neutral","A bit","csx","Center-left",2,"63-31","North","High school","High"
"10",5,3,3,5,1,3,2,1,1,1,"Changing","Moderately worried","Anthropic","Very likely","Likely","Likely","Likely","A great deal","A bit","Very little","Not at all","csx","Left",1,"63-31","Center","University","Very high"
"11",5,4,4,5,1,1,1,2,1,2,"Changing","Worried","Anthropic","Possible","Very likely","Very likely","Very likely","A lot","Very little","Little","A bit","csx","Far left",1,"63-31","North","Superior","High"
"12",5,1,4,5,1,1,1,5,1,1,"Changing","Moderately worried","Equally","Likely","Likely","Unlikely","Very unlikely","A great deal","Not at all","Not at all","Not at all","dx","Far right",1,"63>","North","Superior","Low"
"13",5,4,3,5,1,1,4,4,2,2,"Changing","Moderately worried","Anthropic","Likely","Likely","Possible","Very unlikely","A great deal","A bit","Very little","Neutral","csx","Center-right",2,"63>","South/Isles","Superior","Low"
"14",4,3,1,5,1,4,2,2,2,3,"Changing","Worried","Equally","Very unlikely","Unlikely","Unlikely","Unlikely","A great deal","Very little","Little","Little","cdx","Center-right",2,"63-31","South/Isles","Superior","Very high"
"15",5,5,5,5,1,1,1,1,1,1,"Changing","Worried","Anthropic","Unlikely","Unlikely","Unlikely","Possible","A lot","A bit","Neutral","A bit","csx","Left",2,"63-31","North","Elementary","Medium"
"16",4,2,2,4,2,2,2,1,2,2,"Changing","Worried","Equally","Very likely","Very likely","Likely","Very likely","A lot","Little","Not at all","Very little","dx","Right",2,"63-31","North","Elementary","Low"
"17",3,2,1,5,1,1,2,4,3,1,"Changing","Moderately worried","Anthropic","Unlikely","Possible","Unlikely","Very unlikely","A lot","Neutral","Not at all","Little","center","Center",2,"63-31","North","Superior","Low"
"18",4,2,2,5,1,1,3,4,2,2,"Changing","Not worried","Equally","Very likely","Unlikely","Not at all","Not at all","A great deal","Very","A bit","Very","csx","Center",1,"63>","North","High school","Very high"
"19",3,2,2,4,2,3,2,3,2,3,"Changing","Moderately worried","Equally","Very likely","Unlikely","Unlikely","Unlikely","A great deal","Very little","Little","Not at all","center","Right",2,"63-31","North","University","High"
"20",5,3,1,5,1,1,4,4,2,4,"Changing","Worried","Anthropic","Unlikely","Possible","Possible","Unlikely","A great deal","Neutral","Little","Neutral","m5s","Center",1,"63-31","Center","Elementary","Medium"
"21",3,2,2,2,1,1,1,4,2,3,"Changing","Moderately worried","Equally","Very unlikely","Very unlikely","Very unlikely","Very unlikely","A great deal","Little","Very little","Little","dx","Center-right",2,"63-31","North","High school","Medium"
"22",5,4,4,5,2,2,3,2,2,1,"Changing","Moderately worried","Anthropic","Unlikely","Likely","Unlikely","Likely","A lot","Neutral","Little","Neutral","cdx","Center-right",1,"63-31","North","University","High"
"23",5,3,4,5,1,2,3,2,2,2,"Changing","Moderately worried","Anthropic","Possible","Very likely","Unlikely","Likely","A lot","A bit","Little","A bit","csx","Center-left",2,"63-31","North","Elementary","Medium"
"24",4,2,1,4,2,2,4,1,1,2,"Changing","Worried","Anthropic","Very likely","Likely","Very likely","Possible","Some","Little","Not at all","Very","csx","Center-left",2,"63-31","Center","Superior","High"
"25",4,2,2,3,1,2,2,3,2,1,"Changing","Moderately worried","Equally","Unlikely","Unlikely","Likely","Likely","A lot","Little","Very little","Neutral","csx","Center-right",1,"63-31","Center","University","Very high"
"26",3,3,2,2,1,1,2,5,2,3,"Changing","Not worried","Equally","Possible","Likely","Likely","Likely","A lot","Neutral","Very little","Little","dx","Right",1,"30-18","Center","Superior","Low"
"27",5,1,1,5,1,1,1,2,1,1,"Changing","Worried","Anthropic","Likely","Unlikely","Possible","Very unlikely","A great deal","A bit","Very little","Little","m5s","Center-left",1,"63-31","North","Superior","High"
"28",5,2,2,5,2,3,2,3,2,3,"Changing","Moderately worried","Equally","Unlikely","Possible","Very unlikely","Very unlikely","A lot","Little","Not at all","Very little","cdx","Center-right",1,"63>","South/Isles","University","Very high"
"29",5,4,3,5,1,2,4,4,1,2,"Changing","Moderately worried","Anthropic","Very unlikely","Very unlikely","Very unlikely","Very unlikely","Some","A bit","Neutral","Little","csx","Left",1,"63>","Center","University","Very low"
"30",5,4,2,5,1,1,1,4,1,2,"Changing","Worried","Anthropic","Very unlikely","Very likely","Very unlikely","Possible","A great deal","Very little","Not at all","Neutral","m5s","Center",1,"30-18","Center","High school","Medium"
"31",4,3,1,4,1,1,1,2,1,1,"Changing","Moderately worried","Equally","Very unlikely","Likely","Unlikely","Likely","A lot","Very little","Not at all","Little","csx","Center-left",1,"63-31","Center","Doctorate","Medium"
"32",4,2,1,5,1,1,1,4,1,4,"Changing","Worried","Natural","Very unlikely","Possible","Unlikely","Unlikely","A great deal","A bit","Little","Neutral","m5s","Center-left",1,"30-18","South/Isles","High school","Low"
"33",4,3,1,3,1,1,2,4,1,1,"Changing","Moderately worried","Equally","Possible","Likely","Possible","Likely","A lot","Neutral","A bit","Neutral","cdx","Center-right",1,"63>","Center","University","Very high"
"34",3,2,2,2,1,1,2,5,1,3,"Changing","Moderately worried","Equally","Likely","Likely","Likely","Possible","A lot","Neutral","Very little","Very little","dx","Center-right",1,"63>","North","Elementary","High"
"35",4,2,1,1,1,1,1,2,2,4,"Changing","Worried","Equally","Unlikely","Very likely","Unlikely","Likely","A lot","Little","Very little","A bit","csx","Center",2,"63-31","South/Isles","University","Very low"
"36",4,3,2,5,2,2,3,4,2,1,"Changing","Moderately worried","Equally","Unlikely","Possible","Unlikely","Unlikely","A lot","A bit","A bit","A bit","csx","Left",2,"63-31","North","High school","High"
"37",5,2,1,5,1,1,1,1,2,1,"Changing","Worried","Anthropic","Very likely","Very likely","Very likely","Likely","Some","Very","Very","Extremely","csx","Left",1,"30-18","Center","Doctorate","High"
"38",5,4,1,5,1,1,5,3,1,1,"Changing","Worried","Anthropic","Likely","Very likely","Possible","Very likely","A lot","A bit","Not at all","A bit","sx","Center",1,"63-31","North","Superior","High"
"39",5,3,1,5,1,3,4,5,2,1,"Changing","Worried","Anthropic","Likely","Very likely","Unlikely","Very likely","A lot","A bit","Neutral","A bit","csx","Center",2,"63-31","South/Isles","Superior","Very high"
"40",3,5,2,5,1,2,2,2,4,2,"Changing","Moderately worried","Equally","Unlikely","Likely","Unlikely","Possible","A great deal","Not at all","Very little","A bit","m5s","Center-left",1,"63-31","South/Isles","Superior","Low"
"41",4,2,2,3,1,1,1,2,1,2,"Changing","Moderately worried","Anthropic","Possible","Likely","Likely","Likely","A lot","Neutral","Very little","A bit","m5s","Center-left",1,"63-31","South/Isles","Elementary","Low"
"42",5,5,5,5,1,1,55,1,1,1,"Changing","Worried","Anthropic","Unlikely","Unlikely","Unlikely","Unlikely","A lot","Very","Neutral","A bit","csx","Center-left",2,"63-31","North","High school","High"
"43",3,2,2,1,2,2,1,2,2,3,"Changing","Worried","Anthropic","Possible","Unlikely","Unlikely","Likely","A great deal","Neutral","Neutral","A bit","m5s","Center",2,"63>","North","Elementary","Low"
"44",5,5,1,55,1,1,1,4,2,2,"Changing","Moderately worried","Anthropic","Very likely","Very likely","Unlikely","Possible","A great deal","Neutral","Neutral","Neutral","csx","Center-left",1,"63>","South/Isles","Superior","Very low"
"45",3,2,1,2,1,1,1,5,1,2,"Changing","Moderately worried","Anthropic","Likely","Likely","Very unlikely","Very unlikely","A great deal","Little","Very little","Very little","csx","Right",1,"30-18","South/Isles","Superior","Low"
"46",4,3,2,4,1,1,2,4,2,2,"Changing","Moderately worried","Anthropic","Possible","Likely","Likely","Likely","A lot","Little","Very little","Very little","m5s","Center-right",1,"63-31","North","Elementary","Low"
"47",4,2,1,3,1,1,2,5,3,5,"Changing","Moderately worried","Equally","Likely","Unlikely","Unlikely","Unlikely","A lot","Little","Very little","Neutral","csx","Center-left",1,"30-18","South/Isles","Superior","Low"
"48",4,4,4,5,1,1,3,5,1,1,"Changing","Worried","Anthropic","Very likely","Likely","Unlikely","Likely","A lot","A bit","Very little","A bit","csx","Left",2,"63-31","North","Elementary","Medium"
"49",4,2,2,4,2,4,4,2,1,3,"Changing","Not worried","Anthropic","Very unlikely","Very unlikely","Possible","Unlikely","A lot","A bit","Very little","Very little","csx","Center-left",1,"63-31","North","Superior","Medium"
"50",4,1,1,5,1,2,1,5,2,2,"Changing","Moderately worried","Equally","Possible","Likely","Very likely","Likely","A lot","A bit","Little","A bit","csx","Center-left",1,"63-31","North","High school","High"
"51",5,3,1,1,1,1,4,1,1,2,"Changing","Worried","Anthropic","Not at all","Very likely","Not at all","Likely","A great deal","Not at all","Very little","Not at all","dx","Far right",1,"63-31","Center","Superior","Low"
"52",3,2,2,4,1,3,4,3,2,2,"Changing","Worried","Anthropic","Unlikely","Likely","Unlikely","Unlikely","A great deal","A bit","Neutral","Neutral","csx","Center-left",2,"63-31","North","Superior","High"
"53",5,2,1,1,1,1,2,1,1,1,"Changing","Moderately worried","Anthropic","Possible","Unlikely","Unlikely","Likely","A lot","A bit","Little","Little","csx","Left",2,"63>","Center","University","Medium"
"54",4,55,3,55,1,1,1,4,2,2,"Changing","Worried","Equally","Very unlikely","Unlikely","Very unlikely","Very unlikely","A great deal","Not at all","Not at all","Not at all","m5s","Center-right",1,"30-18","South/Isles","Elementary","High"
"55",5,3,2,5,1,1,1,5,1,5,"Changing","Moderately worried","Anthropic","Very unlikely","Very likely","Unlikely","Likely","A lot","A bit","Very little","Little","csx","Center-left",1,"63-31","Center","Superior","Low"
"56",4,3,3,5,1,3,3,4,4,2,"Changing","Moderately worried","Anthropic","Very likely","Very likely","Very likely","Very likely","A great deal","Not at all","Not at all","Not at all","cdx","Far right",2,"63>","South/Isles","Elementary","Very low"
"57",4,2,1,5,1,1,55,2,1,2,"Changing","Worried","Anthropic","Not at all","Likely","Very unlikely","Possible","A lot","Little","Not at all","Not at all","dx","Right",1,"30-18","South/Isles","Superior","Very low"
"58",4,3,1,3,1,1,3,3,3,2,"Changing","Worried","Equally","Very unlikely","Likely","Unlikely","Likely","A great deal","Little","Neutral","Very little","dx","Center-right",1,"63-31","North","University","Very high"
"59",5,1,1,5,1,1,1,1,2,2,"Changing","Worried","Anthropic","Possible","Very likely","Likely","Very likely","A lot","A bit","A bit","A bit","csx","Left",1,"63-31","Center","Doctorate","Very high"
"60",3,3,3,5,1,1,3,3,1,1,"Changing","Worried","Anthropic","Very likely","Likely","Very likely","Likely","A lot","Neutral","Little","A bit","cdx","Right",2,"63-31","South/Isles","Elementary","Very low"
"61",5,5,5,5,2,2,2,4,4,1,"Changing","Worried","Anthropic","Very unlikely","Unlikely","Very unlikely","Very unlikely","A great deal","Not at all","Not at all","Very little","m5s","Left",1,"63-31","South/Isles","Elementary","Low"
"62",5,2,2,5,1,1,55,3,3,3,"Changing","Moderately worried","Anthropic","Very unlikely","Unlikely","Very unlikely","Unlikely","A great deal","Little","Very little","Very little","csx","Center-left",2,"63-31","Center","Elementary","Low"
"63",2,3,1,5,1,1,4,5,2,2,"Changing","Worried","Anthropic","Unlikely","Very likely","Very likely","Likely","A great deal","Little","Not at all","Very","csx","Right",1,"63>","Center","Elementary","Very low"
"64",5,5,3,5,2,1,3,4,1,1,"Changing","Moderately worried","Equally","Possible","Not at all","Very unlikely","Possible","A great deal","Not at all","Not at all","Neutral","m5s","Center-right",2,"63-31","South/Isles","Elementary","Low"
"65",5,3,1,5,1,1,3,1,1,1,"Changing","Moderately worried","Equally","Likely","Unlikely","Unlikely","Likely","A lot","Little","Little","Neutral","m5s","Right",2,"63-31","North","High school","High"
"66",2,2,2,55,1,2,2,2,2,1,"Changing","Worried","Anthropic","Very likely","Very likely","Very likely","Very likely","A lot","A bit","Little","Neutral","cdx","Center-right",2,"63-31","South/Isles","Superior","Very low"
"67",5,2,3,5,2,3,3,2,1,2,"Changing","Moderately worried","Equally","Likely","Very likely","Likely","Likely","Some","Neutral","A bit","A bit","dx","Center-right",2,"63>","North","Superior","High"
"68",5,3,3,5,1,1,1,1,1,1,"Changing","Worried","Anthropic","Possible","Very unlikely","Unlikely","Very likely","Some","Very","Neutral","Very","csx","Center-left",2,"63>","North","Elementary","Medium"
"69",5,4,1,5,1,1,55,1,2,1,"Changing","Worried","Equally","Likely","Likely","Very unlikely","Possible","A lot","Little","A bit","A bit","m5s","Center-left",1,"30-18","South/Isles","High school","Low"
"70",2,1,3,2,1,2,3,4,1,2,"Changing","Moderately worried","Natural","Possible","Likely","Likely","Likely","A lot","A bit","A bit","Neutral","csx","Left",2,"63>","North","Elementary","Low"
"71",5,2,1,5,1,2,2,2,2,2,"Changing","Moderately worried","Anthropic","Possible","Unlikely","Possible","Unlikely","A lot","Little","Very little","Very little","cdx","Right",1,"63-31","South/Isles","High school","Low"
"72",5,1,1,5,1,1,1,3,1,3,"Changing","Moderately worried","Anthropic","Very unlikely","Unlikely","Unlikely","Possible","A great deal","Little","Little","Very little","center","Center-right",1,"63-31","Center","Superior","Medium"
"73",5,2,1,5,1,1,1,3,2,1,"Changing","Worried","Anthropic","Likely","Unlikely","Likely","Possible","Some","Very","A bit","Very","csx","Center-left",1,"63-31","Center","Superior","Low"
"74",5,3,3,5,2,4,5,4,1,1,"Changing","Worried","Anthropic","Possible","Likely","Possible","Very likely","Some","Very","A bit","Very","csx","Far left",2,"63>","North","Elementary","Medium"
"75",3,2,1,5,1,1,55,3,3,3,"Changing","Moderately worried","Anthropic","Not at all","Unlikely","Very unlikely","Unlikely","A great deal","Neutral","Little","Little","csx","Center-left",2,"63>","Center","Elementary","Low"
"76",5,4,1,5,1,1,1,4,1,1,"Changing","Worried","Anthropic","Not at all","Possible","Not at all","Likely","A great deal","Not at all","Not at all","Not at all","m5s","Far right",1,"30-18","North","Superior","Medium"
"77",1,2,1,2,1,1,2,5,2,4,"Changing","Moderately worried","Anthropic","Possible","Likely","Possible","Likely","A lot","A bit","Very little","Very little","csx","Center",1,"30-18","North","High school","Very low"
"78",5,4,1,5,1,1,4,1,1,1,"Changing","Worried","Anthropic","Likely","Likely","Unlikely","Possible","A great deal","Little","Little","A bit","csx","Center-left",2,"63-31","Center","University","Very high"
"79",2,2,1,5,1,1,1,3,2,2,"Changing","Worried","Anthropic","Likely","Possible","Possible","Possible","Some","Very","A bit","Very","csx","Left",1,"30-18","South/Isles","High school","Very high"
"80",3,3,2,4,1,2,3,3,2,3,"Changing","Moderately worried","Equally","Possible","Possible","Unlikely","Likely","A lot","A bit","A bit","A bit","m5s","Center-right",1,"63>","North","Elementary","Medium"
"81",5,4,2,5,1,1,3,2,1,1,"Changing","Moderately worried","Equally","Likely","Likely","Likely","Likely","A lot","Very","Neutral","A bit","csx","Center-left",1,"63>","North","Elementary","Medium"
"82",5,3,2,5,1,3,2,4,3,2,"Changing","Moderately worried","Anthropic","Unlikely","Likely","Possible","Possible","A lot","A bit","Very little","Little","dx","Center",1,"63>","South/Isles","Elementary","Low"
"83",5,2,2,5,1,1,1,5,1,2,"Changing","Moderately worried","Equally","Likely","Very unlikely","Very unlikely","Not at all","A great deal","A bit","Very little","A bit","csx","Center-left",1,"63-31","Center","University","Very high"
"84",2,1,1,2,1,1,2,4,1,1,"Not changing","Not worried","Natural","Very unlikely","Very likely","Very unlikely","Likely","A lot","Little","Neutral","Neutral","m5s","Far right",1,"63-31","South/Isles","Elementary","Low"
"85",5,2,1,5,1,1,4,2,1,1,"Changing","Worried","Anthropic","Likely","Likely","Likely","Likely","A great deal","A bit","Very little","Little","m5s","Center",2,"63>","Center","Elementary","Very low"
"86",4,2,1,5,1,1,1,2,1,1,"Changing","Worried","Anthropic","Extremely","Very likely","Very likely","Extremely","A lot","Neutral","Very little","A bit","csx","Center",1,"30-18","Center","University","High"
"87",5,1,1,5,1,1,1,2,1,1,"Changing","Worried","Anthropic","Likely","Very likely","Unlikely","Very likely","A lot","A bit","A bit","A bit","m5s","Center-left",1,"63-31","Center","Superior","High"
"88",3,1,1,3,1,1,1,4,2,1,"Changing","Worried","Anthropic","Likely","Likely","Unlikely","Possible","Some","Little","Very little","Neutral","cdx","Right",1,"63-31","South/Isles","Superior","Medium"
"89",5,2,2,5,1,1,3,2,1,3,"Changing","Moderately worried","Anthropic","Very unlikely","Unlikely","Possible","Unlikely","A great deal","Little","Not at all","Little","dx","Center",1,"63-31","North","Superior","Medium"
"90",3,2,1,4,1,1,5,3,2,3,"Changing","Moderately worried","Equally","Not at all","Possible","Very unlikely","Very unlikely","A great deal","Little","Very little","Little","csx","Left",2,"30-18","South/Isles","Superior","Medium"
"91",5,1,1,5,1,1,1,3,1,1,"Changing","Worried","Anthropic","Likely","Very likely","Possible","Likely","A lot","Very","A bit","Very","csx","Center-left",1,"63-31","Center","University","Very high"
"92",5,5,2,5,1,1,3,2,1,2,"Changing","Moderately worried","Anthropic","Unlikely","Very unlikely","Very unlikely","Very unlikely","A great deal","Very","Very little","A bit","csx","Far left",1,"63>","North","Elementary","High"
"93",1,1,1,5,1,5,1,5,1,2,"Changing","Worried","Anthropic","Possible","Extremely","Unlikely","Extremely","A lot","Not at all","Not at all","Not at all","csx","Far left",1,"63-31","South/Isles","High school","Low"
"94",5,2,2,5,2,3,3,3,2,2,"Changing","Moderately worried","Equally","Likely","Unlikely","Unlikely","Likely","A lot","A bit","A bit","A bit","cdx","Center-right",1,"63-31","North","Superior","Low"
"95",5,2,1,5,1,1,5,2,1,2,"Changing","Moderately worried","Equally","Likely","Possible","Likely","Unlikely","Some","Extremely","Little","A bit","csx","Far left",2,"63-31","South/Isles","University","High"
"96",5,2,2,5,1,1,1,5,1,3,"Changing","Worried","Anthropic","Not at all","Unlikely","Not at all","Possible","A great deal","Little","Little","Neutral","csx","Center-left",1,"63-31","Center","Superior","Medium"
"97",5,2,2,5,1,2,2,4,2,2,"Changing","Worried","Equally","Unlikely","Likely","Unlikely","Unlikely","A lot","Very little","Not at all","Neutral","m5s","Center-right",1,"63>","North","Elementary","High"
"98",5,4,1,5,1,1,1,4,1,1,"Changing","Moderately worried","Anthropic","Not at all","Likely","Unlikely","Unlikely","A great deal","Not at all","Not at all","Not at all","m5s","Far right",2,"63-31","North","Superior","Low"
"99",5,5,1,5,5,1,5,5,2,3,"Not changing","Not worried","Natural","Likely","Not at all","Not at all","Not at all","A great deal","Little","Not at all","Not at all","m5s","Left",1,"63-31","North","Elementary","High"
"100",5,4,1,3,1,1,1,3,1,2,"Changing","Moderately worried","Anthropic","Unlikely","Unlikely","Likely","Very unlikely","A lot","Very little","Not at all","Not at all","cdx","Right",1,"63-31","North","Superior","High"
"101",5,1,1,1,1,1,1,2,2,2,"Changing","Worried","Anthropic","Unlikely","Possible","Possible","Unlikely","A great deal","Very little","Not at all","Not at all","m5s","Center",1,"63-31","North","High school","Medium"
"102",2,2,2,4,1,1,1,4,2,4,"Changing","Worried","Equally","Very unlikely","Possible","Very unlikely","Very unlikely","A great deal","Very little","Very little","Very little","cdx","Center",2,"63-31","Center","High school","Low"
"103",4,4,1,5,1,1,55,5,1,2,"Changing","Not worried","Anthropic","Likely","Likely","Unlikely","Likely","A lot","Very little","Little","Little","m5s","Center-left",1,"63-31","South/Isles","Elementary","Very low"
"104",4,4,3,5,2,2,2,2,2,2,"Changing","Worried","Equally","Possible","Very likely","Unlikely","Unlikely","A lot","Neutral","Little","Neutral","csx","Far left",2,"63-31","North","Superior","Very high"
"105",4,3,2,5,2,2,2,3,2,2,"Changing","Moderately worried","Anthropic","Possible","Likely","Possible","Likely","A lot","Neutral","Neutral","Little","m5s","Center-right",2,"63-31","North","High school","Medium"
"106",5,5,4,5,1,1,1,1,1,1,"Changing","Moderately worried","Anthropic","Likely","Likely","Unlikely","Very likely","Some","Very","A bit","Very","csx","Center-left",2,"63-31","North","University","Very high"
"107",5,3,4,1,1,1,4,5,2,1,"Changing","Worried","Anthropic","Possible","Very likely","Not at all","Very unlikely","A great deal","Not at all","Not at all","Not at all","cdx","Center",1,"63-31","Center","Superior","Medium"
"108",5,2,1,4,1,1,3,5,5,2,"Changing","Moderately worried","Equally","Unlikely","Very unlikely","Very unlikely","Not at all","A great deal","Neutral","Not at all","Very little","cdx","Center-right",2,"63-31","Center","High school","Low"
"109",5,3,1,5,1,1,1,1,1,1,"Changing","Worried","Anthropic","Possible","Likely","Very likely","Likely","A lot","Very","Very","Extremely","m5s","Left",1,"63-31","Center","University","High"
"110",5,2,1,5,1,1,1,5,2,2,"Changing","Moderately worried","Anthropic","Likely","Likely","Possible","Very likely","A lot","Neutral","Neutral","A bit","m5s","Center-left",1,"30-18","North","High school","High"
"111",4,4,3,5,1,1,3,5,5,1,"Changing","Moderately worried","Equally","Likely","Likely","Unlikely","Unlikely","A lot","Very little","Not at all","Very little","cdx","Right",1,"30-18","South/Isles","Elementary","Very low"
"112",5,3,2,5,1,1,2,5,5,5,"Changing","Moderately worried","Equally","Likely","Possible","Likely","Possible","A lot","Little","A bit","Little","csx","Center",1,"63-31","South/Isles","Elementary","Medium"
"113",3,3,3,5,4,4,4,3,2,2,"Changing","Worried","Anthropic","Likely","Likely","Likely","Unlikely","A great deal","Neutral","Not at all","A bit","cdx","Right",1,"30-18","South/Isles","Superior","Medium"
"114",5,3,3,5,3,4,3,4,1,3,"Changing","Moderately worried","Equally","Unlikely","Unlikely","Unlikely","Unlikely","A lot","Very","Little","Very","csx","Center-left",1,"30-18","Center","University","High"
"115",5,2,2,5,2,2,2,5,3,3,"Changing","Not worried","Anthropic","Unlikely","Likely","Unlikely","Likely","A great deal","Very little","Not at all","Very little","m5s","Center-left",1,"63>","North","Elementary","Low"
"116",3,2,2,5,2,1,2,4,1,2,"Changing","Worried","Anthropic","Unlikely","Likely","Unlikely","Unlikely","A great deal","Little","Not at all","A bit","cdx","Right",1,"63-31","South/Isles","Elementary","Very low"
"117",4,4,2,5,2,2,3,4,3,4,"Changing","Moderately worried","Anthropic","Possible","Likely","Unlikely","Possible","A lot","Little","Very little","Very little","cdx","Right",1,"63-31","South/Isles","High school","Very low"
"118",5,2,1,5,1,1,1,1,1,1,"Changing","Moderately worried","Anthropic","Unlikely","Likely","Unlikely","Possible","A great deal","A bit","Little","Little","csx","Center-left",1,"30-18","Center","Superior","High"
"119",4,1,1,3,1,1,4,5,1,1,"Changing","Moderately worried","Natural","Very likely","Likely","Likely","Unlikely","A great deal","Neutral","Little","Little","csx","Center-left",1,"63-31","South/Isles","Elementary","Low"
"120",5,1,1,5,1,1,1,1,2,1,"Changing","Moderately worried","Equally","Unlikely","Very unlikely","Unlikely","Unlikely","A great deal","Little","Little","Little","m5s","Center-left",1,"63-31","Center","Superior","Very low"
"121",3,2,1,5,1,1,3,5,5,1,"Changing","Worried","Anthropic","Possible","Unlikely","Likely","Unlikely","A lot","Very little","Not at all","Very little","dx","Center-right",2,"63>","North","Elementary","Low"
"122",5,1,1,5,1,3,3,2,1,1,"Changing","Worried","Anthropic","Likely","Likely","Unlikely","Likely","A lot","Neutral","A bit","A bit","m5s","Center",2,"63-31","North","University","Low"
"123",5,3,4,3,2,3,3,2,3,2,"Changing","Moderately worried","Anthropic","Likely","Possible","Likely","Not at all","A lot","Little","Very little","Very little","dx","Center-right",1,"63-31","North","University","High"
"124",4,55,2,4,1,1,4,3,1,3,"Changing","Worried","Equally","Likely","Likely","Possible","Likely","Some","A bit","A bit","Very","cdx","Right",2,"63-31","South/Isles","Superior","Very low"
"125",3,2,3,3,2,2,3,4,2,3,"Changing","Moderately worried","Equally","Possible","Very likely","Possible","Possible","A lot","A bit","A bit","A bit","m5s","Center-right",2,"63>","North","Elementary","High"
"126",3,3,4,4,2,3,2,5,2,2,"Changing","Worried","Equally","Very unlikely","Very likely","Unlikely","Possible","A lot","Very little","Very little","Neutral","m5s","Center-left",1,"63-31","South/Isles","Superior","Low"
"127",4,3,2,3,4,3,3,3,2,2,"Not changing","Moderately worried","Anthropic","Unlikely","Very likely","Very likely","Likely","A lot","A bit","A bit","A bit","dx","Center-right",1,"63-31","North","Superior","High"
"128",5,4,3,5,1,1,4,5,4,1,"Changing","Moderately worried","Equally","Unlikely","Possible","Unlikely","Unlikely","A great deal","Little","Not at all","Not at all","m5s","Center",1,"63-31","South/Isles","Superior","Medium"
"129",3,2,3,2,3,2,3,4,4,4,"Changing","Worried","Anthropic","Possible","Likely","Possible","Likely","A lot","Not at all","Not at all","Very little","cdx","Far right",1,"63-31","Center","Elementary","High"
"130",5,4,1,55,1,1,1,4,1,1,"Changing","Worried","Anthropic","Not at all","Extremely","Not at all","Likely","A great deal","Not at all","Not at all","Not at all","m5s","Far right",2,"63>","North","Elementary","Very low"
"131",4,2,2,4,2,3,3,4,2,3,"Changing","Not worried","Equally","Likely","Likely","Unlikely","Likely","A great deal","A bit","Little","A bit","csx","Center-right",2,"63-31","North","Superior","High"
"132",4,2,2,2,2,2,2,5,5,3,"Changing","Not worried","Natural","Very unlikely","Very unlikely","Unlikely","Unlikely","A lot","Neutral","A bit","A bit","cdx","Center-right",1,"63-31","Center","Superior","Low"
"133",5,2,1,55,1,1,1,4,1,1,"Changing","Worried","Anthropic","Very likely","Very likely","Very likely","Very likely","Some","Neutral","Very little","Very little","csx","Left",1,"63-31","South/Isles","High school","Very low"
"134",4,1,1,5,1,1,1,4,4,1,"Changing","Moderately worried","Equally","Possible","Likely","Likely","Possible","A lot","Little","Very little","Little","dx","Center-right",2,"63>","North","Elementary","Medium"
"135",5,4,4,5,1,1,5,4,2,2,"Changing","Moderately worried","Equally","Very unlikely","Possible","Unlikely","Very unlikely","A great deal","Not at all","Not at all","Not at all","dx","Right",1,"63-31","Center","Superior","Low"
"136",4,3,1,5,1,1,4,3,1,1,"Changing","Worried","Anthropic","Unlikely","Extremely","Very unlikely","Not at all","A great deal","A bit","Not at all","A bit","csx","Far left",1,"63>","North","High school","High"
"137",5,5,5,5,1,1,55,2,1,1,"Changing","Moderately worried","Equally","Unlikely","Very likely","Likely","Likely","A lot","Very","Neutral","A bit","csx","Center-left",2,"63>","North","High school","High"
"138",5,2,1,3,2,2,4,5,4,2,"Changing","Moderately worried","Equally","Unlikely","Likely","Very likely","Possible","A great deal","Neutral","Little","Very","csx","Far left",2,"63>","North","Elementary","Very high"
"139",5,3,1,4,1,1,5,1,1,1,"Changing","Worried","Anthropic","Likely","Unlikely","Unlikely","Likely","A lot","Very little","Very little","Neutral","dx","Right",2,"63-31","Center","Superior","Medium"
"140",5,1,1,4,1,1,1,3,1,1,"Changing","Worried","Anthropic","Likely","Likely","Likely","Likely","A lot","Neutral","Neutral","A bit","csx","Center-left",2,"63>","Center","10","Very high"
"141",5,4,1,5,1,1,1,1,2,1,"Changing","Worried","Equally","Possible","Very likely","Very unlikely","Unlikely","A lot","Very little","Very little","Very little","csx","Far left",1,"63>","North","Superior","Medium"
"142",4,3,3,4,2,2,3,4,2,2,"Changing","Worried","Anthropic","Extremely","Likely","Likely","Unlikely","A great deal","Little","Not at all","Very little","csx","Center-left",1,"63-31","South/Isles","High school","Medium"
"143",5,4,4,5,1,1,1,3,3,1,"Changing","Moderately worried","Equally","Unlikely","Likely","Unlikely","Unlikely","A lot","Very little","Very little","Not at all","csx","Far left",1,"63-31","South/Isles","University","Very high"
"144",5,1,1,5,1,2,2,5,1,2,"Changing","Moderately worried","Equally","Unlikely","Likely","Likely","Likely","A lot","Neutral","Little","A bit","cdx","Center-right",2,"63>","North","Elementary","Low"
"145",5,2,2,5,1,1,2,3,2,2,"Changing","Moderately worried","Equally","Unlikely","Very unlikely","Very unlikely","Very unlikely","A lot","A bit","Little","Neutral","csx","Center-left",1,"63-31","North","Superior","Medium"
"146",3,2,1,5,1,1,2,4,2,1,"Changing","Moderately worried","Anthropic","Unlikely","Possible","Unlikely","Possible","A lot","Very little","Not at all","Very little","m5s","Center-right",2,"63-31","North","High school","Low"
"147",5,1,1,5,1,1,1,1,1,1,"Changing","Worried","Anthropic","Unlikely","Likely","Unlikely","Likely","A great deal","Neutral","Not at all","Neutral","csx","Center-left",1,"63-31","Center","Superior","High"
"148",4,2,1,5,1,1,1,3,2,3,"Changing","Moderately worried","Anthropic","Likely","Likely","Possible","Likely","A great deal","A bit","Neutral","Little","csx","Center-left",1,"63-31","Center","Elementary","Very low"
"149",5,5,3,5,1,2,5,5,2,1,"Changing","Worried","Equally","Very unlikely","Possible","Possible","Unlikely","A great deal","Not at all","Not at all","Not at all","cdx","Far right",2,"63-31","Center","Superior","Very high"
"150",5,5,1,1,1,1,1,3,3,2,"Changing","Moderately worried","Anthropic","Likely","Likely","Unlikely","Possible","A great deal","Very little","Little","Neutral","csx","Center-left",2,"63-31","North","University","Low"
"151",3,2,2,5,2,1,2,4,1,2,"Changing","Moderately worried","Equally","Unlikely","Likely","Very unlikely","Unlikely","A great deal","Little","Neutral","A bit","csx","Left",1,"63>","North","Elementary","Low"
"152",4,3,1,5,1,5,1,4,2,1,"Changing","Worried","Anthropic","Possible","Possible","Possible","Possible","A great deal","Neutral","Very little","Little","csx","Center-left",1,"63>","South/Isles","Elementary","Very low"
"153",55,5,1,1,1,1,55,4,2,5,"Changing","Moderately worried","Anthropic","Very unlikely","Unlikely","Unlikely","Unlikely","A great deal","A bit","Very little","Little","cdx","Far left",1,"30-18","South/Isles","University","Very high"
"154",5,4,1,5,1,1,3,2,1,2,"Changing","Worried","Anthropic","Possible","Possible","Unlikely","Possible","A lot","Neutral","Very little","Little","m5s","Center-right",1,"63-31","North","University","High"
"155",4,3,3,2,1,1,1,3,4,3,"Changing","Not worried","Equally","Unlikely","Not at all","Not at all","Very unlikely","A great deal","Neutral","Little","Neutral","center","Center-right",1,"63-31","Center","Superior","Very low"
"156",2,3,3,4,1,2,2,4,2,2,"Changing","Moderately worried","Anthropic","Likely","Likely","Unlikely","Very unlikely","A lot","Neutral","Not at all","Neutral","csx","Center-left",2,"63-31","South/Isles","Superior","Very low"
"157",5,1,1,5,1,1,55,4,2,3,"Changing","Not worried","Anthropic","Unlikely","Likely","Unlikely","Unlikely","A great deal","Little","Very little","Very little","csx","Far left",1,"63-31","Center","Superior","Low"
"158",5,2,2,4,1,2,3,4,1,2,"Changing","Moderately worried","Anthropic","Possible","Likely","Likely","Likely","A lot","A bit","Neutral","A bit","csx","Center",1,"30-18","Center","High school","Low"
"159",5,5,1,5,1,1,1,5,1,4,"Changing","Worried","Equally","Not at all","Very unlikely","Very unlikely","Very unlikely","A great deal","Not at all","Not at all","Not at all","m5s","Far right",2,"63-31","North","Superior","Very low"
"160",4,4,2,2,2,2,2,2,2,2,"Changing","Worried","Anthropic","Unlikely","Unlikely","Unlikely","Unlikely","A lot","Very","A bit","A bit","csx","Center",2,"63-31","North","University","High"
"161",55,55,3,3,3,3,3,5,5,5,"Changing","Not worried","Equally","Unlikely","Likely","Unlikely","Unlikely","A great deal","Very little","A bit","Very","m5s","Center-right",2,"63-31","North","Superior","Low"
"162",4,4,3,5,2,2,2,2,1,1,"Changing","Moderately worried","Anthropic","Possible","Likely","Likely","Likely","A lot","Neutral","Neutral","A bit","csx","Left",1,"63-31","South/Isles","University","High"
"163",4,3,1,4,1,2,2,5,2,2,"Changing","Moderately worried","Anthropic","Possible","Likely","Likely","Very likely","A great deal","Neutral","Little","A bit","m5s","Center-right",2,"63-31","North","High school","High"
"164",4,3,2,5,3,2,2,5,2,2,"Changing","Worried","Anthropic","Very unlikely","Very unlikely","Very unlikely","Very unlikely","A lot","Very little","Very little","Very little","csx","Center-right",1,"63-31","North","Elementary","High"
"165",5,4,1,3,1,1,5,1,1,1,"Changing","Moderately worried","Anthropic","Very likely","Likely","Possible","Unlikely","A great deal","Neutral","Very little","A bit","csx","Center-left",1,"63-31","South/Isles","Elementary","Low"
"166",2,2,2,4,1,1,1,5,5,4,"Changing","Worried","Equally","Likely","Likely","Likely","Likely","A great deal","Not at all","Not at all","Very little","csx","Center-left",2,"63-31","Center","Elementary","High"
"167",4,4,2,5,2,3,4,3,1,2,"Changing","Moderately worried","Anthropic","Possible","Likely","Possible","Possible","A great deal","A bit","Neutral","Very little","csx","Center",1,"63>","South/Isles","Superior","Very high"
"168",5,3,3,4,1,1,1,3,2,2,"Changing","Worried","Anthropic","Unlikely","Likely","Very likely","Unlikely","A great deal","Little","Very little","Neutral","csx","Center-left",2,"63-31","South/Isles","Elementary","Low"
"169",5,4,3,5,3,4,4,2,3,2,"Changing","Moderately worried","Equally","Likely","Likely","Likely","Likely","A lot","A bit","Little","A bit","m5s","Center",1,"63-31","North","University","High"
"170",5,5,2,4,1,1,1,4,2,2,"Changing","Worried","Equally","Possible","Unlikely","Unlikely","Very unlikely","A lot","Very","Very little","Little","csx","Center",2,"63-31","North","Superior","High"
"171",4,3,2,5,4,3,4,5,4,4,"Changing","Not worried","Equally","Unlikely","Likely","Possible","Unlikely","A lot","Very little","A bit","A bit","m5s","Left",1,"63-31","North","Superior","Medium"
"172",5,4,1,5,1,1,1,5,4,4,"Changing","Worried","Anthropic","Unlikely","Likely","Unlikely","Likely","A lot","A bit","Very little","Very little","csx","Center-left",1,"63-31","Center","Superior","Low"
"173",4,4,1,4,1,1,4,1,1,4,"Changing","Moderately worried","Anthropic","Unlikely","Extremely","Extremely","Extremely","A lot","Neutral","Not at all","Not at all","csx","Left",2,"63-31","North","Elementary","High"
"174",5,2,3,5,1,1,1,1,1,1,"Changing","Worried","Anthropic","Not at all","Extremely","Very unlikely","Extremely","A lot","Not at all","Not at all","A bit","m5s","Right",1,"63-31","Center","University","Medium"
"175",5,4,2,5,2,2,2,5,1,1,"Changing","Moderately worried","Anthropic","Likely","Likely","Very likely","Likely","A lot","Little","Very little","Neutral","csx","Center-left",2,"63-31","Center","Elementary","Low"
"176",5,2,1,5,1,1,1,3,1,1,"Changing","Worried","Anthropic","Likely","Likely","Unlikely","Very likely","Some","A bit","Very","Very","csx","Center-left",1,"63-31","Center","Superior","High"
"177",2,3,1,4,1,1,1,4,4,4,"Changing","Worried","Anthropic","Likely","Likely","Likely","Likely","A lot","Little","Little","Little","csx","Center-right",1,"30-18","Center","Elementary","Very high"
"178",3,3,1,5,1,1,1,3,2,4,"Changing","Moderately worried","Anthropic","Unlikely","Extremely","Unlikely","Possible","Some","A bit","A bit","A bit","csx","Far left",1,"63-31","North","Superior","Low"
"179",3,3,2,5,2,2,3,4,1,3,"Changing","Moderately worried","Anthropic","Likely","Unlikely","Unlikely","Unlikely","A lot","Little","Not at all","Little","m5s","Center-left",1,"30-18","North","University","Medium"
"180",4,3,2,4,1,1,2,4,2,4,"Changing","Not worried","Equally","Possible","Unlikely","Unlikely","Possible","A lot","A bit","Little","A bit","csx","Center-left",1,"63-31","North","High school","Medium"
"181",4,2,2,3,2,2,2,5,2,2,"Changing","Moderately worried","Anthropic","Very unlikely","Likely","Very unlikely","Very unlikely","A lot","Very little","Not at all","Not at all","dx","Right",1,"63-31","North","High school","Low"
"182",4,2,2,5,1,1,1,5,2,2,"Changing","Not worried","Anthropic","Very likely","Unlikely","Unlikely","Very unlikely","A great deal","A bit","Very little","Neutral","csx","Left",2,"63>","South/Isles","Superior","Low"
"183",4,3,3,1,1,1,1,4,2,2,"Changing","Moderately worried","Anthropic","Unlikely","Very likely","Unlikely","Very unlikely","A lot","A bit","A bit","A bit","csx","Center",1,"63-31","North","University","Very high"
"184",4,4,2,2,2,2,3,3,1,1,"Changing","Worried","Anthropic","Possible","Likely","Likely","Unlikely","A great deal","Little","Very little","Neutral","cdx","Far right",1,"63>","South/Isles","Elementary","Medium"
"185",5,3,3,4,2,2,5,4,2,4,"Changing","Moderately worried","Equally","Unlikely","Unlikely","Unlikely","Very unlikely","Some","Neutral","Neutral","Neutral","csx","Far left",2,"63-31","North","Superior","Very high"
"186",5,3,3,3,2,2,3,2,2,3,"Changing","Moderately worried","Anthropic","Likely","Likely","Likely","Likely","A lot","Neutral","Very little","Little","cdx","Right",1,"63-31","North","Superior","Very high"
"187",3,1,1,5,1,1,55,4,1,5,"Changing","Not worried","Anthropic","Likely","Very likely","Very likely","Likely","Some","Very little","Very little","Very little","csx","Far right",2,"63-31","North","Elementary","Very high"
"188",4,2,2,3,2,2,3,3,2,4,"Not changing","Not worried","Equally","Unlikely","Possible","Possible","Possible","A lot","A bit","Very little","Very little","dx","Right",1,"63-31","Center","University","Low"
"189",5,4,1,4,1,1,4,2,1,3,"Changing","Moderately worried","Anthropic","Very unlikely","Possible","Very unlikely","Extremely","A lot","Neutral","Neutral","Neutral","csx","Left",1,"63-31","North","Elementary","Low"
"190",5,4,1,5,1,1,3,2,1,2,"Changing","Worried","Anthropic","Extremely","Very likely","Extremely","Very unlikely","A lot","Little","Neutral","A bit","csx","Far left",1,"63-31","North","Superior","Medium"
"191",3,3,3,3,3,3,3,2,2,2,"Changing","Moderately worried","Equally","Likely","Likely","Very likely","Very likely","A lot","Little","Very little","Very little","dx","Right",1,"63-31","North","Superior","Medium"
"192",4,2,3,5,2,2,2,4,2,3,"Changing","Not worried","Equally","Possible","Very unlikely","Very unlikely","Unlikely","A lot","A bit","Very little","A bit","dx","Center-right",1,"63-31","North","Superior","Very high"
"193",4,4,2,2,2,2,55,1,1,1,"Changing","Moderately worried","Anthropic","Likely","Likely","Unlikely","Likely","A lot","Very little","Little","Neutral","m5s","Center",2,"63-31","South/Isles","High school","Very low"
"194",5,3,3,3,1,2,2,4,3,2,"Changing","Worried","Anthropic","Likely","Likely","Likely","Likely","A great deal","Little","Very little","A bit","m5s","Center",2,"63-31","South/Isles","Elementary","Low"
"195",4,1,3,5,2,2,3,4,4,3,"Changing","Moderately worried","Anthropic","Very unlikely","Likely","Unlikely","Not at all","A lot","A bit","Very little","Little","csx","Far left",1,"63-31","South/Isles","Superior","Medium"
"196",4,1,1,5,5,5,5,4,5,1,"Changing","Worried","Equally","Not at all","Likely","Very likely","Extremely","A great deal","Not at all","Not at all","Not at all","m5s","Far left",1,"63>","South/Isles","Elementary","Low"
"197",4,4,3,3,1,1,4,3,1,3,"Changing","Moderately worried","Equally","Likely","Likely","Likely","Possible","A lot","Neutral","Very little","Neutral","csx","Left",2,"63>","South/Isles","University","Very high"
"198",4,3,2,4,1,1,1,3,1,2,"Changing","Moderately worried","Equally","Likely","Very likely","Very unlikely","Likely","A lot","Very little","Little","Very","csx","Left",2,"30-18","South/Isles","High school","Medium"
"199",2,3,3,3,1,2,2,4,4,3,"Changing","Worried","Anthropic","Possible","Likely","Possible","Likely","A great deal","Very little","Very little","Very little","csx","Left",1,"63>","Center","Elementary","Low"
"200",5,3,1,5,1,1,1,1,1,1,"Changing","Worried","Equally","Likely","Very unlikely","Very unlikely","Very unlikely","A lot","Neutral","Little","A bit","csx","Left",1,"63-31","Center","High school","Medium"
"201",3,2,1,4,1,1,2,4,1,2,"Changing","Moderately worried","Anthropic","Likely","Possible","Possible","Possible","Some","Very little","Very little","Little","dx","Center-right",1,"63-31","North","University","Very high"
"202",5,3,2,2,2,1,2,5,5,2,"Changing","Worried","Anthropic","Very unlikely","Very unlikely","Very unlikely","Very unlikely","A great deal","Very little","Not at all","Not at all","m5s","Left",2,"63-31","South/Isles","Elementary","Low"
"203",3,2,3,4,1,1,2,3,2,2,"Changing","Moderately worried","Equally","Unlikely","Likely","Unlikely","Likely","A lot","Neutral","A bit","A bit","cdx","Center-right",2,"63>","North","Superior","High"
"204",5,5,1,5,1,1,4,5,1,5,"Changing","Moderately worried","Anthropic","Not at all","Extremely","Not at all","Not at all","A lot","Not at all","Not at all","Not at all","m5s","Center-right",2,"63-31","North","Superior","High"
"205",5,3,3,4,2,2,2,2,2,3,"Changing","Worried","Anthropic","Possible","Very unlikely","Likely","Not at all","A great deal","Very little","Little","Little","dx","Right",1,"63>","North","High school","Very high"
"206",4,3,3,2,2,2,2,3,3,3,"Changing","Worried","Anthropic","Likely","Likely","Likely","Likely","A great deal","A bit","Not at all","Extremely","csx","Center-right",1,"63>","South/Isles","Elementary","Medium"
"207",3,4,1,5,1,1,1,3,2,1,"Changing","Moderately worried","Anthropic","Very unlikely","Possible","Unlikely","Unlikely","A lot","Little","Not at all","Little","csx","Center",2,"30-18","Center","Superior","Low"
"208",5,2,1,5,1,1,1,4,1,2,"Changing","Worried","Equally","Likely","Likely","Likely","Likely","A great deal","Little","Little","Not at all","csx","Center",1,"63-31","North","Superior","Very high"
"209",4,4,2,5,1,1,1,5,1,1,"Changing","Not worried","Natural","Likely","Likely","Unlikely","Likely","A great deal","Not at all","Not at all","Little","cdx","Far right",1,"63-31","South/Isles","Elementary","Very low"
"210",4,2,1,4,1,2,2,4,2,2,"Changing","Worried","Equally","Likely","Very likely","Possible","Unlikely","A great deal","Little","Very little","A bit","m5s","Center",1,"63-31","North","Elementary","Low"
"211",4,3,2,4,1,1,5,5,5,5,"Changing","Worried","Anthropic","Possible","Very likely","Very unlikely","Unlikely","A lot","A bit","Neutral","Very","m5s","Center-right",1,"30-18","South/Isles","Superior","Very low"
"212",5,5,1,1,1,1,1,2,1,2,"Changing","Worried","Anthropic","Unlikely","Likely","Likely","Very likely","A lot","Little","Little","Little","m5s","Center",1,"30-18","North","Elementary","Low"
"213",5,3,3,5,1,1,1,2,2,2,"Changing","Moderately worried","Anthropic","Very unlikely","Very likely","Unlikely","Likely","A great deal","Very little","Not at all","Little","m5s","Center-right",1,"63-31","North","Superior","High"
"214",5,3,3,5,1,1,1,2,1,2,"Changing","Worried","Natural","Possible","Very likely","Unlikely","Likely","A lot","Neutral","Neutral","Very","csx","Center",2,"63-31","South/Isles","Doctorate","Low"
"215",4,3,3,4,3,2,2,5,2,2,"Changing","Moderately worried","Anthropic","Likely","Unlikely","Likely","Very likely","A lot","Extremely","A bit","Extremely","csx","Center",1,"63-31","South/Isles","Elementary","High"
"216",5,5,3,5,3,3,2,2,4,3,"Changing","Worried","Equally","Likely","Likely","Likely","Likely","Some","Little","Very little","Very little","cdx","Far right",2,"30-18","South/Isles","Superior","Medium"
"217",5,3,2,5,1,2,3,2,2,2,"Changing","Worried","Anthropic","Likely","Likely","Unlikely","Likely","A lot","A bit","A bit","A bit","csx","Center-left",1,"63-31","North","Superior","High"
"218",3,3,1,5,2,2,2,3,2,3,"Changing","Moderately worried","Equally","Unlikely","Possible","Likely","Unlikely","A lot","Neutral","Very little","Little","dx","Center-right",2,"63>","North","Elementary","Very low"
"219",5,2,2,4,3,4,4,3,2,4,"Changing","Moderately worried","Anthropic","Likely","Possible","Unlikely","Unlikely","A great deal","Little","Very little","Little","csx","Center",2,"63>","North","Elementary","Very low"
"220",5,3,3,5,1,1,55,4,2,2,"Changing","Moderately worried","Equally","Unlikely","Likely","Unlikely","Unlikely","A lot","Little","Very little","Very little","cdx","Right",2,"63>","North","Elementary","Low"
"221",5,3,1,4,1,1,4,2,1,3,"Changing","Moderately worried","Anthropic","Extremely","Extremely","Extremely","Extremely","A great deal","Not at all","Not at all","Not at all","m5s","Right",1,"63-31","North","Superior","Very high"
"222",5,4,3,3,1,1,1,2,2,2,"Changing","Moderately worried","Anthropic","Likely","Likely","Likely","Very likely","Some","Neutral","Little","A bit","cdx","Center-right",1,"63-31","South/Isles","Superior","Medium"
"223",5,3,2,5,3,3,3,5,2,5,"Changing","Moderately worried","Equally","Unlikely","Unlikely","Likely","Unlikely","A lot","A bit","Neutral","A bit","csx","Center",1,"63>","South/Isles","Superior","Medium"
"224",4,3,2,5,1,1,55,5,4,2,"Changing","Moderately worried","Anthropic","Likely","Possible","Possible","Likely","A great deal","Very little","Not at all","Little","cdx","Center-left",2,"63-31","South/Isles","Elementary","Medium"
"225",5,5,5,5,1,1,3,5,2,2,"Changing","Not worried","Natural","Not at all","Not at all","Not at all","Not at all","A great deal","Little","Very little","Neutral","csx","Center",2,"63-31","North","Superior","Low"
"226",5,1,1,5,2,1,1,4,2,2,"Changing","Moderately worried","Anthropic","Unlikely","Likely","Likely","Likely","A great deal","Little","Not at all","Little","dx","Right",1,"63-31","North","Superior","Medium"
"227",5,3,1,5,1,1,5,5,1,2,"Changing","Worried","Anthropic","Possible","Possible","Possible","Very unlikely","A great deal","A bit","Not at all","A bit","csx","Left",1,"63-31","South/Isles","Elementary","Low"
"228",3,3,2,5,2,2,1,5,2,5,"Changing","Worried","Anthropic","Possible","Likely","Likely","Possible","A great deal","Little","Not at all","Little","csx","Center",1,"30-18","South/Isles","Superior","Very low"
"229",5,4,3,4,1,2,2,2,2,3,"Changing","Moderately worried","Anthropic","Likely","Likely","Likely","Likely","A great deal","Very little","Not at all","Not at all","cdx","Right",1,"63-31","North","Superior","High"
"230",5,1,2,5,3,3,2,2,1,2,"Changing","Moderately worried","Equally","Likely","Likely","Likely","Likely","A lot","Little","Little","Neutral","csx","Center-left",2,"63-31","North","Superior","Medium"
"231",3,4,1,5,1,1,4,5,3,2,"Changing","Moderately worried","Equally","Unlikely","Very unlikely","Not at all","Very unlikely","A great deal","Little","Very little","Very","m5s","Center-left",2,"63-31","South/Isles","Superior","Low"
"232",5,4,1,5,2,2,3,3,3,3,"Changing","Not worried","Natural","Unlikely","Possible","Unlikely","Unlikely","Some","A bit","A bit","A bit","csx","Right",1,"63>","North","Elementary","Very low"
"233",4,1,1,5,1,3,2,4,1,2,"Changing","Moderately worried","Anthropic","Likely","Likely","Likely","Likely","A lot","Little","Little","Neutral","m5s","Center-left",1,"30-18","North","High school","High"
"234",5,3,3,5,2,2,2,4,2,2,"Changing","Moderately worried","Anthropic","Possible","Likely","Likely","Likely","A great deal","Little","Very little","Little","csx","Center-left",1,"63-31","Center","Superior","Medium"
"235",5,3,2,5,2,2,4,3,2,3,"Changing","Worried","Equally","Possible","Very unlikely","Unlikely","Very unlikely","A great deal","A bit","Not at all","Little","csx","Center-left",1,"63>","North","Elementary","Medium"
"236",4,3,2,5,1,1,1,2,1,1,"Changing","Moderately worried","Equally","Very likely","Possible","Possible","Very likely","A great deal","Neutral","Little","A bit","cdx","Center-right",2,"63>","North","Superior","High"
"237",5,1,1,5,1,2,1,5,2,2,"Changing","Moderately worried","Equally","Possible","Possible","Likely","Likely","A great deal","A bit","Little","A bit","csx","Center-left",2,"63-31","North","High school","High"
"238",4,4,1,5,1,1,3,5,1,4,"Changing","Not worried","Anthropic","Likely","Likely","Likely","Likely","A great deal","Not at all","Very little","Little","m5s","Center-right",2,"63-31","North","University","Medium"
"239",5,4,1,5,1,4,2,5,2,2,"Changing","Moderately worried","Anthropic","Very unlikely","Possible","Unlikely","Likely","A great deal","Little","Not at all","Not at all","m5s","Right",1,"63-31","North","Superior","High"
"240",4,3,2,5,2,1,2,2,2,2,"Changing","Moderately worried","Equally","Likely","Likely","Unlikely","Likely","A great deal","A bit","Neutral","Neutral","cdx","Center-right",2,"63-31","North","Superior","High"
"241",4,4,1,5,1,1,2,2,1,2,"Changing","Moderately worried","Anthropic","Very unlikely","Likely","Very unlikely","Very unlikely","A great deal","A bit","Not at all","A bit","csx","Left",2,"63-31","South/Isles","University","Low"
"242",4,1,1,5,1,2,1,5,2,2,"Changing","Moderately worried","Equally","Unlikely","Likely","Likely","Likely","A lot","A bit","Little","A bit","csx","Center",2,"63-31","North","High school","Low"
"243",5,3,2,5,2,2,2,2,1,2,"Changing","Moderately worried","Equally","Unlikely","Likely","Unlikely","Likely","Some","A bit","Neutral","A bit","csx","Center-left",1,"63-31","North","Superior","Low"
"244",4,2,2,5,1,1,5,3,2,1,"Changing","Worried","Anthropic","Very likely","Unlikely","Possible","Likely","A lot","Very little","Not at all","Not at all","dx","Center",1,"30-18","North","University","Medium"
"245",5,4,2,5,1,3,3,4,1,1,"Changing","Moderately worried","Anthropic","Unlikely","Likely","Possible","Possible","A lot","Little","Little","A bit","csx","Center-left",2,"63-31","North","University","High"
"246",4,1,1,5,1,2,1,4,2,2,"Changing","Moderately worried","Equally","Possible","Likely","Likely","Likely","A lot","A bit","Little","A bit","m5s","Center",2,"63-31","North","High school","Low"
"247",5,3,2,5,3,3,2,4,2,1,"Changing","Moderately worried","Equally","Likely","Likely","Very unlikely","Likely","A lot","Little","Not at all","Very little","csx","Far left",2,"63-31","North","Superior","High"
"248",5,5,3,5,1,1,1,3,1,1,"Changing","Worried","Anthropic","Extremely","Very likely","Possible","Very likely","A great deal","Not at all","Not at all","Not at all","csx","Center-left",2,"63-31","Center","Superior","Low"
"249",5,3,1,5,1,3,5,2,1,4,"Changing","Moderately worried","Equally","Possible","Very likely","Very likely","Not at all","A great deal","Very little","Not at all","Neutral","csx","Right",1,"63-31","South/Isles","Superior","Low"
"250",5,4,2,5,1,1,4,3,2,2,"Changing","Moderately worried","Anthropic","Unlikely","Unlikely","Unlikely","Possible","A lot","Little","Very little","Little","dx","Center-right",1,"63-31","North","Superior","High"
"251",4,1,1,5,1,2,2,4,2,2,"Not changing","Moderately worried","Natural","Likely","Likely","Likely","Likely","A great deal","Neutral","Little","A bit","cdx","Center-right",2,"63-31","North","Elementary","Medium"
"252",2,3,2,1,1,2,2,4,4,2,"Changing","Worried","Equally","Very likely","Likely","Likely","Likely","A lot","Little","Not at all","Very little","csx","Left",1,"30-18","Center","Superior","Very high"
"253",4,3,2,5,1,3,3,4,2,2,"Changing","Moderately worried","Anthropic","Likely","Possible","Likely","Likely","A great deal","A bit","Very little","Little","csx","Center-right",1,"63>","South/Isles","Elementary","Low"
"254",4,4,1,5,1,1,2,2,2,3,"Changing","Moderately worried","Equally","Likely","Possible","Possible","Possible","Some","A bit","Neutral","A bit","csx","Center-left",1,"63-31","South/Isles","Superior","Medium"
"255",5,2,2,3,1,1,2,4,2,2,"Changing","Worried","Anthropic","Possible","Very likely","Unlikely","Possible","Some","Little","Little","A bit","csx","Left",1,"63>","Center","Superior","Low"
"256",5,3,2,5,1,1,4,3,1,3,"Changing","Worried","Equally","Possible","Likely","Likely","Likely","A great deal","Very little","Little","A bit","csx","Left",1,"63>","North","Elementary","High"
"257",4,5,2,1,2,1,3,2,2,1,"Changing","Worried","Equally","Unlikely","Unlikely","Unlikely","Not at all","A lot","Not at all","Not at all","Neutral","cdx","Far right",1,"63-31","North","Elementary","Medium"
"258",5,3,1,5,1,1,3,2,1,2,"Changing","Worried","Anthropic","Possible","Extremely","Possible","Extremely","Some","Neutral","Neutral","Extremely","m5s","Center",1,"30-18","South/Isles","University","Low"
"259",1,2,1,3,3,3,2,4,4,3,"Changing","Worried","Anthropic","Not at all","Very likely","Unlikely","Likely","A lot","Little","Not at all","Very little","csx","Left",2,"63-31","South/Isles","Superior","Low"
"260",5,3,2,2,1,1,1,5,1,2,"Changing","Moderately worried","Equally","Unlikely","Likely","Unlikely","Very unlikely","A lot","Little","Little","Little","dx","Center-right",2,"63-31","South/Isles","University","High"
"261",4,2,1,5,2,2,1,2,1,1,"Changing","Moderately worried","Equally","Possible","Very likely","Very likely","Likely","A lot","Little","Very little","Neutral","dx","Center-right",2,"63-31","North","Superior","High"
"262",5,2,1,5,1,1,1,4,4,2,"Changing","Moderately worried","Anthropic","Possible","Likely","Possible","Likely","A great deal","Very little","Not at all","Little","m5s","Center",2,"63>","North","Elementary","Low"
"263",5,4,3,4,2,3,2,2,3,2,"Changing","Moderately worried","Anthropic","Unlikely","Likely","Unlikely","Possible","A lot","A bit","Little","A bit","csx","Center-left",2,"63>","North","Superior","High"
"264",4,3,2,4,1,1,2,3,1,2,"Changing","Moderately worried","Equally","Likely","Likely","Unlikely","Unlikely","A lot","Neutral","A bit","Neutral","csx","Center-left",1,"30-18","North","University","High"
"265",5,1,1,5,1,1,1,4,2,2,"Changing","Moderately worried","Anthropic","Very likely","Likely","Very likely","Likely","Some","Little","Neutral","A bit","m5s","Center",1,"30-18","North","High school","High"
"266",1,1,1,5,1,1,1,5,3,5,"Changing","Moderately worried","Equally","Not at all","Likely","Not at all","Unlikely","A great deal","Not at all","Not at all","Little","m5s","Right",2,"63-31","South/Isles","Elementary","Medium"
"267",2,2,1,2,1,1,4,4,4,2,"Changing","Moderately worried","Natural","Very unlikely","Very unlikely","Very unlikely","Likely","A great deal","Little","Very little","Very little","dx","Right",2,"30-18","South/Isles","High school","High"
"268",5,4,1,4,1,3,1,5,2,1,"Changing","Not worried","Equally","Unlikely","Unlikely","Unlikely","Not at all","A great deal","Little","Very little","Little","m5s","Center-left",1,"63>","North","University","High"
"269",4,2,1,5,1,1,2,4,3,2,"Changing","Moderately worried","Anthropic","Likely","Likely","Likely","Likely","A lot","A bit","Neutral","A bit","csx","Center-left",1,"63-31","North","Superior","High"
"270",5,3,2,4,1,2,4,4,1,2,"Changing","Worried","Anthropic","Possible","Very likely","Likely","Likely","Some","A bit","A bit","A bit","csx","Center-left",1,"63>","South/Isles","University","Very high"
"271",3,2,3,3,2,3,4,2,2,2,"Changing","Moderately worried","Anthropic","Likely","Likely","Likely","Likely","A great deal","Little","Not at all","Not at all","cdx","Right",2,"63-31","South/Isles","High school","Very low"
"272",4,3,2,3,2,2,1,2,1,1,"Changing","Moderately worried","Anthropic","Very likely","Very likely","Very likely","Likely","A lot","Little","Very little","Little","cdx","Center-right",2,"63>","North","Superior","Medium"
"273",5,5,5,5,1,1,1,1,1,1,"Changing","Worried","Equally","Unlikely","Unlikely","Very unlikely","Very unlikely","A lot","A bit","Neutral","A bit","csx","Left",1,"63-31","North","High school","Medium"
"274",4,1,2,4,1,2,3,4,2,2,"Changing","Moderately worried","Equally","Very likely","Likely","Likely","Extremely","A great deal","A bit","Not at all","Very little","csx","Center",2,"63-31","South/Isles","University","High"
"275",5,4,1,55,1,1,1,5,1,1,"Changing","Worried","Anthropic","Not at all","Extremely","Not at all","Very likely","A great deal","Not at all","Not at all","Not at all","m5s","Far right",1,"63>","North","Elementary","Low"
"276",5,1,1,5,1,1,1,5,1,2,"Changing","Moderately worried","Anthropic","Very likely","Likely","Likely","Likely","A lot","Neutral","Little","A bit","m5s","Center",1,"63-31","North","High school","High"
"277",3,2,1,5,1,2,2,5,2,2,"Changing","Moderately worried","Equally","Possible","Likely","Likely","Likely","A lot","A bit","Little","Neutral","csx","Center-left",2,"63>","North","Elementary","Medium"
"278",5,2,2,5,2,2,2,4,1,1,"Changing","Worried","Equally","Possible","Likely","Likely","Likely","Some","A bit","Neutral","A bit","csx","Center",1,"63-31","South/Isles","University","Low"
"279",5,1,1,5,1,2,1,3,2,2,"Changing","Worried","Anthropic","Possible","Extremely","Unlikely","Not at all","A lot","Very","Little","Little","m5s","Center",1,"63-31","North","Elementary","High"
"280",5,3,1,5,1,1,1,5,1,2,"Changing","Moderately worried","Anthropic","Likely","Likely","Possible","Likely","A lot","Very","Neutral","A bit","csx","Far left",2,"63>","Center","University","Medium"
"281",4,3,1,5,1,1,4,3,1,3,"Changing","Worried","Anthropic","Unlikely","Extremely","Unlikely","Likely","A great deal","Not at all","Not at all","Not at all","m5s","Right",2,"63-31","South/Isles","Elementary","Very low"
"282",5,1,1,5,1,1,1,4,1,2,"Changing","Worried","Anthropic","Extremely","Very likely","Likely","Very likely","A great deal","Little","Very little","A bit","dx","Center-right",2,"63>","North","Elementary","Very low"
"283",4,2,2,4,4,4,4,3,3,3,"Changing","Moderately worried","Anthropic","Likely","Likely","Likely","Likely","A lot","Neutral","Little","Little","dx","Center-right",1,"63-31","North","High school","Medium"
"284",4,3,2,4,2,4,2,4,2,2,"Changing","Moderately worried","Equally","Unlikely","Likely","Unlikely","Possible","A lot","Little","Little","Very","csx","Center-left",1,"63-31","North","High school","Very low"
"285",4,2,5,5,2,2,2,2,2,2,"Changing","Moderately worried","Anthropic","Likely","Likely","Very likely","Likely","A lot","Very little","Not at all","Very little","csx","Left",2,"63-31","South/Isles","Elementary","Very low"
"286",2,1,2,2,1,2,2,4,2,2,"Changing","Worried","Anthropic","Unlikely","Likely","Unlikely","Likely","A lot","A bit","A bit","A bit","dx","Left",2,"63-31","North","High school","Medium"
"287",5,3,1,5,2,2,3,4,4,2,"Changing","Moderately worried","Anthropic","Likely","Unlikely","Unlikely","Likely","A lot","A bit","Neutral","A bit","csx","Center-left",1,"63-31","Center","Doctorate","Very high"
"288",5,5,1,5,1,1,1,5,5,1,"Changing","Worried","Natural","Likely","Unlikely","Likely","Possible","A great deal","Little","Neutral","Little","m5s","Center",1,"63>","South/Isles","Superior","Low"
"289",5,4,1,5,1,1,5,1,1,2,"Changing","Moderately worried","Anthropic","Likely","Unlikely","Likely","Unlikely","Some","Very","Little","Very","csx","Far left",2,"63-31","South/Isles","University","Medium"
"290",5,3,1,5,1,1,1,4,3,2,"Changing","Moderately worried","Equally","Possible","Likely","Possible","Likely","A lot","Very little","Not at all","Little","csx","Center",1,"63>","North","Elementary","Medium"
"291",4,4,3,2,1,1,2,3,1,2,"Changing","Worried","Equally","Unlikely","Likely","Unlikely","Likely","A lot","Neutral","Little","Neutral","cdx","Center-right",2,"63-31","North","Superior","High"
"292",3,4,2,2,2,3,2,2,1,2,"Changing","Worried","Anthropic","Possible","Very likely","Likely","Likely","Some","Not at all","Not at all","Neutral","csx","Center-left",2,"63-31","South/Isles","Elementary","Very low"
"293",3,4,1,1,3,3,3,4,2,1,"Changing","Worried","Anthropic","Likely","Likely","Very likely","Likely","A lot","A bit","A bit","Very","m5s","Center",1,"63-31","South/Isles","University","Very high"
"294",4,3,2,5,1,1,2,5,2,2,"Changing","Worried","Anthropic","Not at all","Very likely","Not at all","Not at all","A lot","Very little","Not at all","A bit","dx","Center-right",1,"63-31","North","High school","Medium"
"295",4,2,2,2,3,3,3,3,1,1,"Changing","Worried","Anthropic","Likely","Likely","Likely","Possible","A great deal","A bit","Little","Neutral","csx","Center-right",1,"63-31","South/Isles","High school","Medium"
"296",4,3,4,5,1,2,2,2,2,1,"Changing","Worried","Anthropic","Likely","Likely","Unlikely","Likely","A lot","Little","Not at all","Little","m5s","Center-left",1,"63-31","Center","Superior","High"
"297",4,2,4,4,1,1,3,5,4,2,"Changing","Worried","Anthropic","Likely","Unlikely","Very unlikely","Unlikely","A lot","Very little","A bit","A bit","csx","Center-left",1,"63-31","North","University","High"
"298",4,4,1,4,1,1,2,1,1,1,"Changing","Worried","Anthropic","Likely","Very likely","Unlikely","Likely","A lot","Little","Very little","Neutral","csx","Left",1,"30-18","South/Isles","Superior","Low"
"299",4,4,2,5,1,1,3,4,1,1,"Changing","Worried","Anthropic","Very likely","Very likely","Likely","Likely","A great deal","A bit","Very little","A bit","m5s","Center-right",2,"63>","North","Elementary","High"
"300",2,2,1,5,1,1,55,5,1,1,"Changing","Worried","Anthropic","Possible","Extremely","Extremely","Extremely","A great deal","Not at all","Very little","Not at all","m5s","Far right",1,"63-31","South/Isles","Elementary","Low"
"301",4,3,2,5,1,2,2,2,4,2,"Changing","Moderately worried","Equally","Unlikely","Possible","Unlikely","Possible","A lot","A bit","Little","A bit","cdx","Right",2,"63-31","South/Isles","University","Medium"
"302",4,4,1,5,1,1,1,2,1,1,"Changing","Worried","Anthropic","Very likely","Extremely","Likely","Likely","Some","Neutral","A bit","A bit","csx","Center",1,"63-31","Center","Superior","Low"
"303",4,3,1,5,1,1,1,4,3,2,"Changing","Moderately worried","Anthropic","Likely","Likely","Likely","Likely","A lot","A bit","Neutral","A bit","csx","Center-left",1,"63-31","North","High school","High"
"304",2,2,1,1,1,1,1,4,2,4,"Changing","Worried","Anthropic","Likely","Very likely","Likely","Likely","A great deal","Not at all","Not at all","Not at all","m5s","Right",2,"63-31","South/Isles","Superior","Very low"
"305",5,2,3,5,3,3,3,2,1,2,"Changing","Moderately worried","Anthropic","Possible","Likely","Possible","Unlikely","Some","Little","Little","Little","m5s","Center-right",1,"63-31","North","High school","Low"
"306",5,5,3,4,1,3,3,2,1,2,"Changing","Worried","Anthropic","Likely","Likely","Likely","Likely","A great deal","Little","Not at all","Not at all","cdx","Right",1,"63-31","North","Superior","Medium"
"307",4,3,2,4,2,2,2,4,4,2,"Changing","Moderately worried","Equally","Likely","Likely","Likely","Likely","A lot","A bit","A bit","Very","csx","Center-left",1,"63>","North","University","Very high"
"308",5,2,1,5,1,2,1,5,3,3,"Changing","Not worried","Natural","Likely","Likely","Likely","Likely","Some","A bit","Little","A bit","cdx","Center-right",1,"63-31","North","University","High"
"309",4,4,2,3,2,2,55,3,2,2,"Changing","Moderately worried","Anthropic","Very likely","Likely","Possible","Likely","A lot","Little","Very little","Very little","csx","Center-right",1,"63-31","South/Isles","Elementary","Low"
"310",3,2,1,55,1,1,1,2,2,2,"Changing","Worried","Anthropic","Very likely","Very likely","Very likely","Very likely","A lot","A bit","Neutral","Very","cdx","Right",2,"63-31","South/Isles","Elementary","Low"
"311",5,2,2,5,2,2,2,5,1,2,"Changing","Moderately worried","Equally","Possible","Possible","Possible","Possible","A lot","Neutral","Very little","Little","dx","Center-right",2,"63-31","South/Isles","Doctorate","Low"
"312",4,2,1,4,1,1,3,5,1,4,"Changing","Not worried","Anthropic","Likely","Very likely","Not at all","Very unlikely","A lot","Little","Little","A bit","center","Right",1,"30-18","North","University","High"
"313",3,2,1,4,1,1,3,5,3,1,"Changing","Worried","Anthropic","Possible","Possible","Likely","Unlikely","A great deal","Little","Very little","Little","cdx","Center-right",2,"63-31","North","High school","High"
"314",4,2,1,5,1,2,1,4,2,1,"Changing","Moderately worried","Equally","Likely","Likely","Likely","Likely","A lot","A bit","Little","A bit","csx","Center-left",2,"63-31","North","High school","High"
"315",5,5,5,5,1,1,1,1,1,1,"Changing","Worried","Equally","Likely","Very likely","Unlikely","Likely","Some","A bit","Neutral","A bit","cdx","Center-right",2,"63-31","North","University","Low"
"316",4,4,2,5,1,1,1,1,1,1,"Changing","Worried","Anthropic","Unlikely","Very likely","Likely","Likely","A great deal","Very little","Very little","Little","m5s","Center",1,"63-31","North","Superior","Very high"
"317",5,2,3,5,1,3,3,3,2,4,"Changing","Moderately worried","Equally","Likely","Likely","Unlikely","Unlikely","A great deal","Little","Very little","Very little","csx","Far left",1,"63-31","North","High school","High"
"318",5,3,3,5,2,2,4,5,2,2,"Changing","Moderately worried","Equally","Possible","Possible","Possible","Possible","A lot","A bit","Neutral","Neutral","csx","Center",1,"63-31","South/Isles","Elementary","Very low"
"319",3,2,1,2,1,1,2,4,2,2,"Changing","Worried","Anthropic","Unlikely","Likely","Unlikely","Possible","A lot","A bit","Neutral","A bit","dx","Center-left",1,"63>","North","Elementary","Low"
"320",4,4,2,4,1,1,2,4,1,3,"Changing","Moderately worried","Equally","Unlikely","Unlikely","Unlikely","Possible","A lot","Little","A bit","A bit","m5s","Center-right",2,"30-18","North","Superior","Medium"
"321",5,3,3,5,1,1,1,4,1,1,"Changing","Worried","Anthropic","Very likely","Likely","Unlikely","Unlikely","A lot","Little","Not at all","Very little","m5s","Center-right",2,"63-31","South/Isles","University","Very low"
"322",5,2,2,5,1,2,3,3,2,4,"Changing","Moderately worried","Anthropic","Very unlikely","Very likely","Very unlikely","Very likely","A lot","Extremely","A bit","A bit","csx","Center-left",2,"63-31","North","Elementary","Medium"
"323",3,2,3,4,2,3,4,3,4,3,"Changing","Moderately worried","Equally","Likely","Very likely","Likely","Likely","A lot","Very","Little","Little","dx","Far right",1,"63>","North","University","Medium"
"324",4,2,2,4,1,1,3,5,2,5,"Changing","Worried","Equally","Unlikely","Possible","Unlikely","Unlikely","A lot","Very little","Very little","Little","csx","Left",2,"63-31","South/Isles","Doctorate","Very high"
"325",5,4,3,5,1,2,1,1,1,1,"Changing","Moderately worried","Anthropic","Likely","Likely","Likely","Very likely","A great deal","Little","Not at all","Not at all","csx","Center-left",2,"30-18","South/Isles","Elementary","Low"
"326",3,3,3,3,2,2,2,3,3,3,"Not changing","Not worried","Equally","Unlikely","Very unlikely","Unlikely","Unlikely","A lot","Neutral","Very little","A bit","dx","Right",1,"63-31","North","Superior","Low"
"327",4,4,3,5,3,3,4,4,3,4,"Changing","Worried","Equally","Possible","Likely","Possible","Possible","A lot","Neutral","Very little","Little","csx","Far left",2,"30-18","South/Isles","Superior","Very low"
"328",4,2,2,5,1,1,5,5,2,2,"Changing","Worried","Natural","Possible","Possible","Possible","Very likely","A lot","Little","Neutral","Neutral","cdx","Center-right",1,"63-31","Center","Elementary","Medium"
"329",5,4,3,5,2,3,3,2,1,1,"Changing","Moderately worried","Anthropic","Likely","Likely","Likely","Likely","A lot","Little","Little","Little","csx","Center",1,"63-31","North","Superior","Low"
"330",5,5,1,5,1,1,1,3,3,1,"Changing","Worried","Anthropic","Unlikely","Very likely","Possible","Unlikely","A lot","A bit","A bit","A bit","csx","Center",2,"63-31","North","Superior","Low"
"331",5,5,1,5,2,2,2,4,2,2,"Changing","Worried","Anthropic","Possible","Likely","Unlikely","Likely","A lot","Not at all","Not at all","Neutral","m5s","Center",2,"63-31","Center","University","Medium"
"332",5,2,2,5,1,1,1,5,1,2,"Not changing","Not worried","Natural","Very likely","Possible","Very unlikely","Possible","Some","Little","Very little","A bit","m5s","Center-left",1,"63-31","North","University","High"
"333",4,4,2,5,2,3,1,3,2,2,"Changing","Worried","Anthropic","Not at all","Likely","Not at all","Likely","Some","Neutral","Not at all","A bit","csx","Center",2,"63-31","Center","Superior","Medium"
"334",5,4,1,5,1,1,4,4,1,2,"Changing","Moderately worried","Equally","Not at all","Very likely","Very unlikely","Possible","A great deal","Not at all","Not at all","Not at all","csx","Center",1,"63>","North","Elementary","Low"
"335",4,3,2,4,1,1,3,5,1,1,"Changing","Worried","Anthropic","Likely","Very likely","Likely","Possible","A great deal","Little","Not at all","Little","cdx","Right",2,"63>","North","Superior","Medium"
"336",4,3,2,5,1,1,3,3,2,2,"Changing","Moderately worried","Equally","Likely","Likely","Likely","Very likely","A lot","Very","Very","Very","csx","Center-left",2,"63-31","North","University","Very high"
"337",2,3,3,4,2,1,2,2,1,2,"Changing","Worried","Anthropic","Possible","Very likely","Unlikely","Likely","A lot","Neutral","Little","Neutral","cdx","Center",1,"63-31","South/Isles","Elementary","High"
"338",4,3,2,3,1,2,3,5,4,2,"Changing","Worried","Anthropic","Very unlikely","Unlikely","Very unlikely","Unlikely","A lot","Very","A bit","Very","csx","Right",2,"30-18","South/Isles","High school","Low"
"339",4,3,2,5,2,2,3,2,1,1,"Changing","Worried","Anthropic","Likely","Likely","Likely","Possible","A lot","Very little","Very little","Very little","m5s","Center",1,"30-18","North","High school","Low"
"340",4,2,2,5,1,1,1,2,1,2,"Changing","Moderately worried","Anthropic","Possible","Very likely","Unlikely","Possible","A great deal","A bit","Neutral","A bit","csx","Center-left",1,"63-31","South/Isles","University","High"
"341",5,3,1,5,1,3,1,5,1,2,"Changing","Moderately worried","Equally","Unlikely","Unlikely","Likely","Likely","A lot","Very little","Very little","Very little","dx","Center-right",1,"63-31","North","Elementary","High"
"342",4,2,2,3,1,1,2,3,2,2,"Changing","Worried","Anthropic","Likely","Likely","Likely","Likely","A lot","Little","Very little","Very little","cdx","Center-right",2,"63-31","South/Isles","Superior","High"
"343",5,3,1,5,1,1,1,1,1,2,"Changing","Worried","Anthropic","Possible","Very likely","Unlikely","Very likely","A lot","A bit","A bit","Very","csx","Center-left",1,"63-31","North","University","High"
"344",4,2,1,5,2,2,3,2,2,2,"Changing","Moderately worried","Equally","Unlikely","Possible","Very likely","Unlikely","A lot","Very","Little","Little","csx","Left",1,"63-31","North","Elementary","Medium"
"345",4,2,1,5,1,1,3,4,2,1,"Changing","Moderately worried","Anthropic","Likely","Possible","Possible","Possible","A lot","Little","Very little","Little","dx","Center-right",2,"63-31","North","Superior","High"
"346",5,5,5,5,1,1,1,1,1,1,"Changing","Worried","Anthropic","Possible","Possible","Unlikely","Likely","A lot","A bit","A bit","A bit","cdx","Center-right",1,"63>","North","Elementary","Medium"
"347",5,2,1,5,1,1,4,3,1,2,"Changing","Moderately worried","Anthropic","Unlikely","Likely","Possible","Unlikely","A lot","Neutral","Little","A bit","csx","Far left",1,"63-31","North","Elementary","Very high"
"348",4,2,3,5,3,3,3,2,2,1,"Changing","Moderately worried","Anthropic","Likely","Very likely","Likely","Likely","A lot","Little","Little","Little","dx","Center-right",2,"63-31","North","Superior","Very low"
"349",5,4,4,5,1,1,1,2,2,2,"Changing","Worried","Equally","Likely","Likely","Possible","Unlikely","A lot","Not at all","Not at all","Very little","m5s","Center",2,"63-31","North","Elementary","High"
"350",5,4,5,5,2,3,3,4,2,3,"Changing","Moderately worried","Equally","Likely","Likely","Possible","Possible","A lot","Neutral","Very little","Little","m5s","Center-left",1,"63-31","South/Isles","Superior","Very low"
"351",5,2,2,5,3,3,3,3,2,2,"Changing","Worried","Anthropic","Possible","Likely","Likely","Likely","A lot","A bit","Very little","Little","m5s","Center-right",1,"30-18","Center","Superior","Medium"
"352",5,2,2,3,2,2,1,4,1,1,"Changing","Moderately worried","Anthropic","Not at all","Unlikely","Very unlikely","Not at all","A lot","Neutral","Very little","Extremely","csx","Left",1,"63-31","South/Isles","Superior","Medium"
"353",5,1,1,5,1,2,1,5,2,2,"Changing","Moderately worried","Equally","Likely","Likely","Likely","Very likely","A lot","A bit","Little","Neutral","csx","Center-left",1,"63-31","North","High school","High"
"354",4,3,2,4,1,1,3,5,3,1,"Changing","Worried","Equally","Possible","Likely","Likely","Likely","A great deal","Very little","Very little","Little","cdx","Center-right",2,"63>","North","Elementary","Low"
"355",3,2,1,5,1,1,1,4,1,2,"Changing","Moderately worried","Equally","Very likely","Very likely","Unlikely","Possible","A great deal","Little","Little","Very","dx","Right",1,"63>","South/Isles","University","Very high"
"356",4,3,2,3,1,1,2,4,2,2,"Changing","Moderately worried","Anthropic","Possible","Unlikely","Unlikely","Not at all","A lot","A bit","Little","Neutral","m5s","Center-left",1,"30-18","South/Isles","Superior","Very high"
"357",4,1,2,5,2,2,2,2,2,1,"Changing","Moderately worried","Anthropic","Likely","Likely","Unlikely","Likely","Some","A bit","Very little","Neutral","m5s","Center",1,"63-31","North","Superior","Low"
"358",4,3,1,5,1,1,2,5,1,1,"Changing","Moderately worried","Anthropic","Unlikely","Unlikely","Unlikely","Very unlikely","A lot","Very little","Very little","Little","dx","Center-right",2,"63>","North","Elementary","Very low"
"359",3,2,1,3,2,1,2,2,1,2,"Changing","Worried","Anthropic","Extremely","Possible","Possible","Extremely","Some","Little","Not at all","Very","m5s","Center-left",1,"30-18","South/Isles","Superior","Very low"
"360",5,4,1,5,1,1,1,1,2,1,"Changing","Worried","Anthropic","Likely","Extremely","Very unlikely","Very likely","Some","A bit","Neutral","Very little","csx","Left",1,"63-31","Center","Superior","High"
"361",5,4,2,5,1,1,4,1,1,1,"Changing","Worried","Anthropic","Not at all","Extremely","Possible","Not at all","Some","A bit","Very little","A bit","csx","Far left",1,"63-31","Center","Superior","High"
"362",4,3,3,3,2,3,3,4,2,3,"Changing","Moderately worried","Equally","Unlikely","Likely","Unlikely","Very unlikely","A lot","Little","Neutral","Very","dx","Right",1,"63-31","North","Superior","High"
"363",4,4,2,4,1,3,55,2,2,2,"Changing","Moderately worried","Anthropic","Possible","Possible","Unlikely","Possible","A lot","A bit","Little","Neutral","csx","Center-left",2,"63-31","South/Isles","High school","Low"
"364",5,2,1,4,3,3,2,2,2,2,"Not changing","Not worried","Equally","Very unlikely","Unlikely","Unlikely","Likely","A great deal","A bit","Little","Neutral","cdx","Center-right",1,"63-31","North","Superior","High"
"365",5,1,2,5,2,3,2,2,2,2,"Changing","Moderately worried","Anthropic","Unlikely","Likely","Very unlikely","Likely","Some","Little","Very little","Little","m5s","Center-right",2,"63-31","North","Superior","Low"
"366",5,5,5,5,1,1,1,1,1,1,"Changing","Moderately worried","Anthropic","Likely","Very unlikely","Very unlikely","Unlikely","Some","A bit","A bit","A bit","csx","Center-left",1,"63-31","North","High school","High"
"367",5,3,2,5,1,1,3,3,2,3,"Changing","Moderately worried","Anthropic","Possible","Likely","Likely","Likely","A lot","Little","Very little","Little","cdx","Center-right",2,"30-18","North","University","Very high"
"368",5,2,2,5,1,3,3,2,2,1,"Changing","Worried","Equally","Likely","Possible","Unlikely","Very unlikely","A lot","A bit","Not at all","Little","csx","Center",1,"63-31","South/Isles","Superior","High"
"369",4,4,1,3,1,1,1,5,5,5,"Changing","Moderately worried","Equally","Possible","Possible","Possible","Likely","A lot","Little","Very little","Little","csx","Left",1,"63-31","South/Isles","Elementary","Very low"
"370",4,3,1,3,1,1,3,4,1,2,"Changing","Moderately worried","Equally","Extremely","Very likely","Very likely","Unlikely","A great deal","Little","Not at all","Little","csx","Center-right",2,"63-31","North","Superior","Medium"
"371",4,2,2,3,2,2,3,4,2,3,"Changing","Moderately worried","Anthropic","Unlikely","Likely","Unlikely","Likely","A great deal","A bit","Very little","Very little","cdx","Right",1,"30-18","North","University","Low"
"372",5,5,5,5,1,1,55,1,1,1,"Changing","Worried","Equally","Possible","Likely","Unlikely","Unlikely","A lot","Little","Little","Neutral","cdx","Center-right",2,"63-31","North","High school","High"
"373",5,3,1,5,1,1,1,2,2,2,"Changing","Worried","Equally","Not at all","Unlikely","Possible","Very unlikely","A great deal","Little","Very little","A bit","dx","Right",1,"63-31","South/Isles","Superior","High"
"374",5,4,3,5,2,3,3,4,2,1,"Changing","Worried","Equally","Unlikely","Possible","Possible","Very likely","A great deal","Neutral","Not at all","Neutral","csx","Left",1,"63>","North","Superior","Very high"
"375",5,4,2,5,2,1,2,3,2,2,"Changing","Worried","Anthropic","Likely","Very likely","Likely","Very likely","Some","A bit","Neutral","Very","csx","Left",1,"30-18","Center","High school","High"
"376",4,3,2,4,3,3,3,2,1,1,"Changing","Worried","Anthropic","Unlikely","Very likely","Unlikely","Very unlikely","Some","A bit","Little","A bit","csx","Center-right",1,"63-31","Center","University","High"
"377",3,2,1,2,3,3,2,3,2,2,"Changing","Moderately worried","Equally","Possible","Very likely","Unlikely","Likely","A lot","Very","A bit","A bit","m5s","Center-right",1,"63-31","North","Elementary","Medium"
"378",5,3,1,5,1,1,3,2,1,2,"Changing","Moderately worried","Anthropic","Possible","Likely","Very unlikely","Possible","A lot","Little","Little","A bit","dx","Right",1,"63>","North","Elementary","Medium"
"379",4,2,1,5,1,3,2,4,2,1,"Changing","Moderately worried","Anthropic","Likely","Likely","Likely","Likely","A lot","Little","Neutral","A bit","m5s","Center-left",1,"63-31","North","Elementary","Medium"
"380",4,4,1,2,1,1,3,2,3,2,"Changing","Moderately worried","Equally","Unlikely","Unlikely","Likely","Unlikely","A lot","Little","A bit","A bit","m5s","Center",2,"63-31","North","Elementary","Low"
"381",5,4,3,5,1,2,3,2,2,2,"Changing","Moderately worried","Equally","Likely","Very likely","Unlikely","Very unlikely","A lot","Neutral","Neutral","A bit","csx","Center",2,"63-31","Center","Elementary","Medium"
"382",4,1,1,5,1,1,3,4,2,1,"Changing","Worried","Anthropic","Possible","Possible","Possible","Possible","A lot","Very little","Not at all","Little","m5s","Center-right",2,"63-31","North","Superior","High"
"383",5,3,3,4,3,3,2,2,3,1,"Changing","Worried","Anthropic","Unlikely","Likely","Very likely","Likely","A great deal","Neutral","Very little","Very little","cdx","Center-right",2,"63-31","Center","Superior","Medium"
"384",4,4,1,5,1,1,1,2,1,1,"Changing","Worried","Anthropic","Possible","Extremely","Possible","Possible","A lot","Very little","A bit","A bit","m5s","Center",2,"63-31","North","University","Low"
"385",4,1,1,5,1,2,1,4,2,2,"Changing","Moderately worried","Equally","Possible","Likely","Likely","Likely","A lot","A bit","Little","A bit","csx","Center-left",2,"63-31","North","High school","High"
"386",5,2,2,2,2,2,2,4,4,3,"Changing","Moderately worried","Anthropic","Very unlikely","Unlikely","Very unlikely","Very unlikely","A lot","Not at all","Not at all","Very little","m5s","Left",2,"30-18","South/Isles","Superior","Low"
"387",5,3,3,5,2,2,2,3,2,2,"Changing","Worried","Anthropic","Likely","Very likely","Likely","Likely","A lot","A bit","Very little","Neutral","csx","Left",2,"63>","North","Superior","High"
"388",5,3,2,3,2,2,2,2,1,2,"Changing","Moderately worried","Anthropic","Unlikely","Likely","Likely","Likely","A great deal","Neutral","Very little","Very little","cdx","Center",2,"63>","North","Elementary","Very high"
"389",5,5,5,5,1,1,1,1,1,1,"Changing","Worried","Anthropic","Possible","Unlikely","Unlikely","Unlikely","Some","A bit","Neutral","Neutral","sx","Far left",1,"63-31","North","Elementary","High"
"390",4,3,1,3,1,1,1,5,2,3,"Changing","Not worried","Equally","Possible","Unlikely","Unlikely","Possible","Some","Little","Little","Little","csx","Center-left",1,"63-31","South/Isles","University","Very low"
"391",5,2,1,5,1,1,3,3,2,2,"Changing","Not worried","Equally","Unlikely","Very unlikely","Very unlikely","Very unlikely","A lot","Little","Little","A bit","dx","Right",1,"63-31","North","Superior","High"
"392",5,5,5,5,1,1,5,1,1,1,"Changing","Worried","Anthropic","Possible","Likely","Possible","Likely","A lot","A bit","A bit","A bit","m5s","Center-right",2,"63-31","North","High school","Very high"
"393",4,2,1,5,1,2,1,5,2,1,"Changing","Moderately worried","Anthropic","Unlikely","Likely","Likely","Likely","A lot","Neutral","Very little","A bit","dx","Center",1,"63>","North","Elementary","High"
"394",3,2,2,2,2,2,2,4,2,2,"Changing","Moderately worried","Equally","Not at all","Possible","Very unlikely","Not at all","A lot","Not at all","Not at all","Not at all","m5s","Center",1,"63-31","North","Elementary","Low"
"395",4,4,2,5,1,1,1,4,2,1,"Changing","Worried","Anthropic","Possible","Very likely","Likely","Likely","Some","Very","A bit","Very","cdx","Center-right",2,"63-31","North","University","Low"
"396",5,2,2,4,3,3,3,5,4,3,"Changing","Moderately worried","Equally","Likely","Likely","Possible","Possible","A lot","Neutral","Neutral","A bit","m5s","Center-left",1,"63-31","Center","Elementary","Low"
"397",5,3,1,5,1,1,1,4,3,1,"Changing","Moderately worried","Anthropic","Unlikely","Likely","Likely","Likely","A lot","Not at all","Not at all","Little","m5s","Center",2,"63-31","North","Superior","Low"
"398",5,3,3,5,1,2,1,5,2,1,"Changing","Moderately worried","Equally","Possible","Unlikely","Likely","Likely","A great deal","Very little","Very little","Little","m5s","Center",1,"63>","North","Elementary","Low"
"399",4,3,2,2,1,5,5,4,3,3,"Changing","Worried","Anthropic","Unlikely","Likely","Likely","Likely","A great deal","Very little","Not at all","Not at all","csx","Left",1,"63>","South/Isles","Elementary","Very low"
"400",4,2,2,4,1,1,5,2,1,2,"Changing","Worried","Equally","Unlikely","Likely","Unlikely","Not at all","A great deal","Little","Not at all","Little","m5s","Center-left",2,"63-31","North","Elementary","Medium"
"401",4,3,1,5,1,2,1,4,2,2,"Changing","Moderately worried","Anthropic","Likely","Likely","Likely","Very likely","A lot","Neutral","Neutral","A bit","cdx","Center-right",2,"63-31","North","High school","High"
"402",3,2,2,1,1,2,2,2,3,2,"Changing","Moderately worried","Equally","Likely","Likely","Likely","Likely","A lot","A bit","A bit","A bit","m5s","Center",1,"63-31","North","Superior","High"
"403",5,1,1,1,1,1,1,3,1,2,"Changing","Moderately worried","Equally","Possible","Very likely","Very likely","Likely","Some","A bit","Very little","A bit","m5s","Center",1,"63-31","South/Isles","High school","Low"
"404",4,3,2,5,1,1,1,2,1,1,"Changing","Worried","Anthropic","Unlikely","Possible","Unlikely","Very likely","A lot","Very","Very little","A bit","csx","Far left",2,"63-31","North","High school","Low"
"405",5,5,1,5,1,1,1,4,2,2,"Changing","Moderately worried","Equally","Unlikely","Likely","Unlikely","Likely","A lot","Very little","Little","Neutral","cdx","Center-right",2,"63-31","South/Isles","Elementary","Low"
"406",3,3,1,4,1,1,3,4,2,5,"Changing","Moderately worried","Equally","Likely","Likely","Likely","Very unlikely","A great deal","A bit","Not at all","Little","m5s","Center-left",1,"63-31","South/Isles","Superior","High"
"407",5,4,1,5,1,1,1,3,2,2,"Changing","Worried","Anthropic","Likely","Very likely","Unlikely","Likely","A lot","A bit","Very little","Little","csx","Center",1,"63-31","North","High school","Very high"
"408",3,3,2,5,1,1,5,4,2,2,"Changing","Moderately worried","Anthropic","Possible","Very likely","Possible","Very likely","Some","Neutral","A bit","A bit","m5s","Center-left",1,"63-31","South/Isles","Superior","Low"
"409",5,4,4,5,1,1,1,3,1,1,"Changing","Worried","Equally","Possible","Likely","Unlikely","Likely","A lot","A bit","Neutral","A bit","csx","Left",1,"63-31","North","University","Very high"
"410",5,5,5,5,1,1,1,1,1,1,"Changing","Worried","Anthropic","Likely","Likely","Very unlikely","Likely","Some","A bit","A bit","A bit","cdx","Center-left",1,"63-31","North","Superior","High"
"411",5,5,2,5,2,2,5,4,2,2,"Changing","Worried","Anthropic","Likely","Unlikely","Likely","Very unlikely","A great deal","Little","Not at all","Very little","cdx","Center",2,"63-31","Center","High school","Low"
"412",4,4,1,5,1,1,1,2,3,1,"Changing","Moderately worried","Equally","Very unlikely","Extremely","Unlikely","Very likely","A great deal","Very little","Not at all","Very little","cdx","Far right",2,"63-31","South/Isles","Elementary","Medium"
"413",5,1,1,1,1,1,55,2,1,2,"Changing","Moderately worried","Anthropic","Possible","Likely","Unlikely","Unlikely","A great deal","Little","Very little","Very little","csx","Center-left",2,"30-18","Center","High school","Very low"
"414",4,4,2,5,1,1,1,3,2,2,"Changing","Moderately worried","Anthropic","Unlikely","Unlikely","Unlikely","Unlikely","A lot","Neutral","Little","Little","dx","Right",1,"63-31","North","Elementary","Low"
"415",2,2,2,3,1,3,3,5,2,2,"Changing","Moderately worried","Equally","Likely","Very likely","Very likely","Likely","A great deal","A bit","Not at all","Little","cdx","Center-right",2,"30-18","South/Isles","Elementary","Low"
"416",4,3,4,5,1,2,2,4,3,3,"Changing","Moderately worried","Equally","Possible","Possible","Possible","Possible","A lot","Little","Very little","Very little","csx","Left",1,"63>","South/Isles","Elementary","Very low"
"417",4,4,1,5,1,1,1,2,1,3,"Changing","Worried","Anthropic","Very likely","Very likely","Likely","Very unlikely","Some","A bit","Neutral","A bit","csx","Far left",1,"63>","Center","Elementary","Low"
"418",4,2,2,5,1,1,2,3,1,2,"Changing","Moderately worried","Anthropic","Likely","Likely","Unlikely","Possible","A lot","A bit","Neutral","A bit","csx","Center-left",1,"63-31","North","Superior","High"
"419",5,5,5,5,1,1,5,5,4,2,"Changing","Worried","Equally","Possible","Unlikely","Unlikely","Possible","A great deal","Very little","Not at all","Not at all","csx","Center-right",2,"63-31","Center","Elementary","Medium"
"420",5,4,2,5,1,1,1,2,1,2,"Changing","Moderately worried","Anthropic","Very unlikely","Likely","Very unlikely","Very unlikely","A great deal","Very little","Not at all","Very little","m5s","Center",1,"63-31","North","Superior","High"
"421",5,1,1,4,2,1,2,2,1,2,"Changing","Moderately worried","Equally","Possible","Very unlikely","Unlikely","Very unlikely","A lot","A bit","Little","Little","m5s","Center-right",2,"63>","North","High school","Medium"
"422",5,3,3,3,1,2,3,5,4,2,"Changing","Worried","Anthropic","Possible","Possible","Possible","Unlikely","A great deal","Little","Not at all","Little","cdx","Center-right",2,"63>","North","Elementary","Very low"
"423",4,3,2,4,2,2,3,4,2,2,"Changing","Moderately worried","Equally","Unlikely","Likely","Unlikely","Likely","Some","A bit","Little","Neutral","csx","Center-left",2,"63-31","North","University","Low"
"424",4,3,2,1,1,1,1,5,2,2,"Not changing","Not worried","Natural","Unlikely","Very unlikely","Very unlikely","Very unlikely","A great deal","Little","Very little","Very little","m5s","Center",2,"63-31","North","Elementary","Medium"
"425",5,3,2,4,2,2,2,2,2,3,"Changing","Moderately worried","Anthropic","Unlikely","Possible","Possible","Unlikely","A lot","Neutral","Very little","Little","cdx","Center",1,"63>","North","Elementary","Low"
"426",5,3,1,5,1,1,1,4,3,2,"Changing","Moderately worried","Anthropic","Possible","Very likely","Likely","Likely","A great deal","Little","Not at all","Little","dx","Center-right",2,"63-31","North","Superior","Medium"
"427",4,4,3,2,1,1,2,4,2,3,"Changing","Moderately worried","Equally","Unlikely","Unlikely","Possible","Possible","A lot","Neutral","Little","A bit","csx","Center-left",2,"63-31","North","Elementary","Low"
"428",5,5,5,5,1,1,1,1,1,1,"Changing","Worried","Anthropic","Likely","Likely","Possible","Possible","A lot","A bit","Neutral","A bit","csx","Center-left",2,"30-18","North","High school","Medium"
"429",4,2,1,5,1,1,1,4,2,4,"Changing","Worried","Anthropic","Possible","Very likely","Very likely","Likely","A lot","Little","A bit","Very","csx","Center-left",2,"30-18","South/Isles","University","High"
"430",4,4,3,4,1,2,1,3,1,4,"Changing","Moderately worried","Equally","Possible","Likely","Possible","Likely","A lot","Not at all","Neutral","A bit","m5s","Center-right",1,"30-18","South/Isles","Superior","Very low"
"431",5,3,3,5,1,2,55,5,2,1,"Changing","Moderately worried","Equally","Very unlikely","Possible","Very unlikely","Very unlikely","A lot","Little","Not at all","Little","csx","Center-left",1,"63-31","Center","Superior","High"
"432",5,3,2,5,1,1,4,3,3,2,"Changing","Worried","Anthropic","Possible","Likely","Unlikely","Possible","Some","A bit","Neutral","A bit","center","Center-right",2,"63-31","South/Isles","University","Medium"
"433",5,1,1,5,1,2,2,2,1,2,"Changing","Moderately worried","Anthropic","Very likely","Unlikely","Possible","Very unlikely","A great deal","A bit","Very little","Little","csx","Center-left",1,"63-31","North","Superior","High"
"434",5,3,2,5,1,2,2,4,2,2,"Changing","Worried","Anthropic","Unlikely","Very likely","Unlikely","Unlikely","A great deal","Little","Very little","A bit","csx","Center-left",1,"63-31","Center","Elementary","Low"
"435",5,2,1,5,1,1,3,2,2,2,"Changing","Worried","Anthropic","Likely","Very unlikely","Very unlikely","Very unlikely","A lot","Little","Little","Little","m5s","Center-right",2,"63-31","North","University","Low"
"436",4,1,1,4,1,3,4,2,2,2,"Changing","Not worried","Natural","Very unlikely","Unlikely","Likely","Very unlikely","A lot","Little","Very little","Little","dx","Right",1,"63-31","North","Superior","High"
"437",4,2,3,5,2,2,2,3,2,3,"Changing","Moderately worried","Anthropic","Not at all","Likely","Very unlikely","Likely","A great deal","Very little","Not at all","Not at all","cdx","Center-right",2,"63>","South/Isles","Elementary","Medium"
"438",4,3,3,5,1,1,4,3,2,2,"Changing","Worried","Equally","Very unlikely","Possible","Unlikely","Likely","A great deal","Very little","Not at all","Not at all","cdx","Right",1,"63-31","South/Isles","High school","Low"
"439",5,2,1,1,1,5,1,2,2,3,"Changing","Not worried","Equally","Likely","Very unlikely","Very unlikely","Unlikely","Some","A bit","A bit","A bit","csx","Center-left",1,"63>","Center","University","Very high"
"440",5,1,1,5,1,2,2,2,1,1,"Changing","Moderately worried","Equally","Likely","Very likely","Very likely","Unlikely","A lot","A bit","Very little","Neutral","csx","Center-left",2,"30-18","North","University","Very high"
"441",3,2,3,55,2,2,2,5,2,2,"Changing","Worried","Anthropic","Possible","Likely","Likely","Unlikely","A lot","A bit","Neutral","A bit","csx","Left",2,"63>","North","High school","Medium"
"442",3,2,2,4,2,2,2,4,2,1,"Changing","Moderately worried","Anthropic","Very unlikely","Very likely","Likely","Unlikely","A lot","Little","Not at all","Very little","cdx","Right",2,"63-31","North","High school","Low"
"443",5,3,2,5,1,2,2,2,1,1,"Changing","Worried","Anthropic","Likely","Likely","Unlikely","Unlikely","A great deal","Neutral","Little","Neutral","csx","Center-left",2,"63>","Center","Superior","Very high"
"444",5,4,4,1,1,1,3,2,1,3,"Changing","Moderately worried","Equally","Unlikely","Unlikely","Very unlikely","Possible","A great deal","Not at all","Neutral","Little","dx","Far right",1,"63-31","North","Elementary","Very low"
"445",5,2,1,3,1,1,3,5,1,2,"Changing","Moderately worried","Anthropic","Unlikely","Unlikely","Unlikely","Unlikely","A great deal","Very little","Very little","Very little","csx","Left",2,"63-31","North","Superior","Very low"
"446",5,3,3,4,1,3,3,3,2,2,"Changing","Moderately worried","Equally","Unlikely","Likely","Likely","Unlikely","Some","A bit","A bit","Very","csx","Center-right",1,"63-31","North","University","High"
"447",5,5,1,5,1,1,5,1,2,3,"Changing","Worried","Equally","Very likely","Likely","Likely","Possible","A great deal","Neutral","Not at all","Neutral","cdx","Right",1,"30-18","Center","Superior","Low"
"448",3,2,1,1,1,3,3,5,3,5,"Changing","Moderately worried","Natural","Very unlikely","Possible","Possible","Unlikely","A lot","Very little","Very little","Very little","dx","Far left",1,"63-31","South/Isles","Elementary","High"
"449",2,1,1,5,1,1,2,2,3,1,"Changing","Worried","Anthropic","Possible","Unlikely","Possible","Possible","Some","Little","Very little","Little","csx","Center-left",1,"63-31","North","Superior","Very high"
